unit	purchasable_effect	is_exclusive
#unit_purchasable_effect_sets_tables;0;db/unit_purchasable_effect_sets_tables/ruene_emp_veteran_inf_nanu_rors
ruene_emp_veteran_inf_halberdiers	nanu_dynamic_ror_basic_melee_bonus_vs_large_1	False
ruene_emp_veteran_inf_halberdiers	nanu_dynamic_ror_basic_melee_bonus_vs_large_2	False
ruene_emp_veteran_inf_halberdiers	nanu_dynamic_ror_basic_melee_bonus_vs_large_3	False
ruene_emp_veteran_inf_halberdiers	nanu_dynamic_ror_ability_empire_all_blessing_of_morr_undying_will_attribute_immPsy	False
ruene_emp_veteran_inf_halberdiers	nanu_dynamic_ror_ability_empire_all_blessing_of_ranald_luck_of_ranald	False
ruene_emp_veteran_inf_halberdiers	nanu_dynamic_ror_ability_empire_melee_blessing_of_ulric_frenzy_immPsy	False
ruene_emp_veteran_inf_halberdiers	nanu_dynamic_ror_ability_empire_melee_special_blessing_of_sigmar_hammer_of_sigmar_attribute_immPsy	False
ruene_emp_veteran_inf_halberdiers	nanu_dynamic_ror_ability_melee_aura_of_blood	False
ruene_emp_veteran_inf_halberdiers	nanu_dynamic_ror_ability_melee_aura_of_protection	False
ruene_emp_veteran_inf_halberdiers	nanu_dynamic_ror_ability_melee_aura_of_shielding	False
ruene_emp_veteran_inf_halberdiers	nanu_dynamic_ror_ability_melee_aura_of_warding	False
ruene_emp_veteran_inf_halberdiers	nanu_dynamic_ror_ability_melee_bathed_in_blood	False
ruene_emp_veteran_inf_halberdiers	nanu_dynamic_ror_ability_melee_beacon_of_hope	False
ruene_emp_veteran_inf_halberdiers	nanu_dynamic_ror_ability_melee_courage_in_death	False
ruene_emp_veteran_inf_halberdiers	nanu_dynamic_ror_ability_melee_frenzy_immPsy	False
ruene_emp_veteran_inf_halberdiers	nanu_dynamic_ror_ability_melee_hold_the_line	False
ruene_emp_veteran_inf_halberdiers	nanu_dynamic_ror_ability_melee_stand_your_ground	False
ruene_emp_veteran_inf_halberdiers	nanu_dynamic_ror_ability_melee_undaunted_immPsy	False
ruene_emp_veteran_inf_halberdiers	nanu_dynamic_ror_ability_melee_valiant_war_cry	False
ruene_emp_veteran_inf_halberdiers	nanu_dynamic_ror_attribute_all_immPsy_vanguard	False
ruene_emp_veteran_inf_halberdiers	nanu_dynamic_ror_attribute_melee_causes_fear	False
ruene_emp_veteran_inf_halberdiers	nanu_dynamic_ror_attribute_melee_encourage	False
ruene_emp_veteran_inf_halberdiers	nanu_dynamic_ror_attribute_melee_immPsy	False
ruene_emp_veteran_inf_halberdiers	nanu_dynamic_ror_attribute_melee_unbreakable	False
ruene_emp_veteran_inf_halberdiers	nanu_dynamic_ror_climate_chaotic	False
ruene_emp_veteran_inf_halberdiers	nanu_dynamic_ror_climate_chaotic_wasteland_ability_melee_aura_of_rust	False
ruene_emp_veteran_inf_halberdiers	nanu_dynamic_ror_climate_chaotic_wasteland_ability_melee_beacon_of_hope	False
ruene_emp_veteran_inf_halberdiers	nanu_dynamic_ror_climate_chaotic_wasteland_ability_melee_frenzy_immPsy	False
ruene_emp_veteran_inf_halberdiers	nanu_dynamic_ror_climate_chaotic_wasteland_ability_melee_grim_resolve_immPsy	False
ruene_emp_veteran_inf_halberdiers	nanu_dynamic_ror_climate_chaotic_wasteland_ability_melee_stand_your_ground	False
ruene_emp_veteran_inf_halberdiers	nanu_dynamic_ror_climate_chaotic_wasteland_ability_melee_undaunted_immPsy	False
ruene_emp_veteran_inf_halberdiers	nanu_dynamic_ror_climate_chaotic_wasteland_ability_melee_valiant_war_cry	False
ruene_emp_veteran_inf_halberdiers	nanu_dynamic_ror_climate_chaotic_wasteland_attribute_all_perfect_vigour_strider	False
ruene_emp_veteran_inf_halberdiers	nanu_dynamic_ror_climate_chaotic_wasteland_attribute_all_wayfarer_strider_vanguard	False
ruene_emp_veteran_inf_halberdiers	nanu_dynamic_ror_climate_chaotic_wasteland_contact_all_cursed_attacks	False
ruene_emp_veteran_inf_halberdiers	nanu_dynamic_ror_climate_desert	False
ruene_emp_veteran_inf_halberdiers	nanu_dynamic_ror_climate_desert_ability_all_aura_of_ensorcelling_flaming_arcane_fire_attacks_ammo_type_arcane_fire	False
ruene_emp_veteran_inf_halberdiers	nanu_dynamic_ror_climate_desert_ability_all_ensorcelled_weapons_flaming_arcane_fire_attacks_ammo_type_arcane_fire	False
ruene_emp_veteran_inf_halberdiers	nanu_dynamic_ror_climate_desert_ability_all_flaming_sword_of_rhuin_contact_scorching_flaming_attacks_ammo_type_flaming	False
ruene_emp_veteran_inf_halberdiers	nanu_dynamic_ror_climate_desert_attribute_all_perfect_vigour	False
ruene_emp_veteran_inf_halberdiers	nanu_dynamic_ror_climate_desert_contact_all_potent_poison_attacks_ammo_type_poison	False
ruene_emp_veteran_inf_halberdiers	nanu_dynamic_ror_climate_desert_contact_all_rampaging_poison_flaming_attacks_ammo_type_flaming	False
ruene_emp_veteran_inf_halberdiers	nanu_dynamic_ror_climate_desert_contact_all_scorching_flaming_attacks_ammo_type_flaming	False
ruene_emp_veteran_inf_halberdiers	nanu_dynamic_ror_climate_frozen	False
ruene_emp_veteran_inf_halberdiers	nanu_dynamic_ror_climate_frozen_ability_melee_relentless_assault_frostbite_attacks_ammo_type_frozen	False
ruene_emp_veteran_inf_halberdiers	nanu_dynamic_ror_climate_frozen_ability_melee_rowdy	False
ruene_emp_veteran_inf_halberdiers	nanu_dynamic_ror_climate_frozen_contact_all_freezing_attacks_ammo_type_frozen	False
ruene_emp_veteran_inf_halberdiers	nanu_dynamic_ror_climate_frozen_contact_all_frostbite_attacks_ammo_type_frozen	False
ruene_emp_veteran_inf_halberdiers	nanu_dynamic_ror_climate_jungle	False
ruene_emp_veteran_inf_halberdiers	nanu_dynamic_ror_climate_jungle_ability_all_hunter_snare_woodsman	False
ruene_emp_veteran_inf_halberdiers	nanu_dynamic_ror_climate_jungle_ability_all_hunter_snare_woodsman_contact_poison_attacks_ammo_type_poison	False
ruene_emp_veteran_inf_halberdiers	nanu_dynamic_ror_climate_jungle_ability_all_hunter_trap_woodsman_contact_disorienting_attacks_ammo_type_poison	False
ruene_emp_veteran_inf_halberdiers	nanu_dynamic_ror_climate_jungle_attribute_all_amphibious_woodsman	False
ruene_emp_veteran_inf_halberdiers	nanu_dynamic_ror_climate_jungle_attribute_all_perfect_vigour_woodsman	False
ruene_emp_veteran_inf_halberdiers	nanu_dynamic_ror_climate_jungle_contact_all_blinding_attacks_woodsman_ammo_type_poison	False
ruene_emp_veteran_inf_halberdiers	nanu_dynamic_ror_climate_jungle_contact_all_poison_attacks_woodsman_ammo_type_poison	False
ruene_emp_veteran_inf_halberdiers	nanu_dynamic_ror_climate_jungle_contact_all_potent_poison_attacks_woodsman_ammo_type_poison	False
ruene_emp_veteran_inf_halberdiers	nanu_dynamic_ror_climate_jungle_contact_all_rampaging_poison_woodsman_ammo_type_poison	False
ruene_emp_veteran_inf_halberdiers	nanu_dynamic_ror_climate_jungle_contact_all_weakened_attacks_woodsman_ammo_type_poison	False
ruene_emp_veteran_inf_halberdiers	nanu_dynamic_ror_climate_magicforest_ability_all_barrier_boost	False
ruene_emp_veteran_inf_halberdiers	nanu_dynamic_ror_climate_magicforest_ability_melee_aura_of_protection	False
ruene_emp_veteran_inf_halberdiers	nanu_dynamic_ror_climate_magicforest_ability_melee_clairvoyance_woodsman	False
ruene_emp_veteran_inf_halberdiers	nanu_dynamic_ror_climate_magicforest	False
ruene_emp_veteran_inf_halberdiers	nanu_dynamic_ror_climate_mountain	False
ruene_emp_veteran_inf_halberdiers	nanu_dynamic_ror_climate_mountain_ability_all_aura_of_protection	False
ruene_emp_veteran_inf_halberdiers	nanu_dynamic_ror_climate_mountain_ability_all_aura_of_shielding	False
ruene_emp_veteran_inf_halberdiers	nanu_dynamic_ror_climate_mountain_ability_all_ever_burning_light_contact_blinding_flaming_attacks_ammo_type_flaming	False
ruene_emp_veteran_inf_halberdiers	nanu_dynamic_ror_climate_mountain_ability_melee_chilling_aura	False
ruene_emp_veteran_inf_halberdiers	nanu_dynamic_ror_climate_mountain_ability_melee_rowdy	False
ruene_emp_veteran_inf_halberdiers	nanu_dynamic_ror_climate_mountain_attribute_all_perfect_vigour_wayfarer_strider_vanguard	False
ruene_emp_veteran_inf_halberdiers	nanu_dynamic_ror_climate_mountain_attribute_melee_brace	False
ruene_emp_veteran_inf_halberdiers	nanu_dynamic_ror_climate_ocean	False
ruene_emp_veteran_inf_halberdiers	nanu_dynamic_ror_climate_ocean_ability_all_hunter_snare_bonus_vs_large_ammo_type_anti_large	False
ruene_emp_veteran_inf_halberdiers	nanu_dynamic_ror_climate_ocean_ability_all_hunter_snare_contact_entangling_attacks_bonus_vs_large_ammo_type_anti_large	False
ruene_emp_veteran_inf_halberdiers	nanu_dynamic_ror_climate_ocean_ability_melee_rowdy	False
ruene_emp_veteran_inf_halberdiers	nanu_dynamic_ror_climate_ocean_attribute_all_amphibious_vanguard	False
ruene_emp_veteran_inf_halberdiers	nanu_dynamic_ror_climate_ocean_contact_all_frostbite_attacks_ammo_type_frozen	False
ruene_emp_veteran_inf_halberdiers	nanu_dynamic_ror_climate_snowy_mountain	False
ruene_emp_veteran_inf_halberdiers	nanu_dynamic_ror_climate_wasteland	False
ruene_emp_veteran_inf_halberdiers	nanu_dynamic_ror_climate_wasteland_ability_melee_grim_resolve_immPsy	False
ruene_emp_veteran_inf_halberdiers	nanu_dynamic_ror_climate_wasteland_attribute_all_perfect_vigour_strider	False
ruene_emp_veteran_inf_halberdiers	nanu_dynamic_ror_contact_all_entangling_attacks	False
ruene_emp_veteran_inf_halberdiers	nanu_dynamic_ror_contact_all_sundering_attacks	False
ruene_emp_veteran_inf_halberdiers	nanu_dynamic_ror_empire_ability_all_blessing_of_myrmidia_soothing_warmth_attribute_immPsy_flaming_attacks_ammo_type_flaming	False
ruene_emp_veteran_inf_halberdiers	nanu_dynamic_ror_empire_ability_melee_blessing_of_shallya_soothing_warmth_encourage	False
ruene_emp_veteran_inf_halberdiers	nanu_dynamic_ror_empire_attribute_all_blessing_of_manann_amphibious_vanguard	False
ruene_emp_veteran_inf_halberdiers	nanu_dynamic_ror_empire_attribute_all_blessing_of_myrmidia_unrelenting_assault_flaming_attacks_ammo_type_flaming	False
ruene_emp_veteran_inf_halberdiers	nanu_dynamic_ror_empire_attribute_all_blessing_of_rhya_perfect_vigour	False
ruene_emp_veteran_inf_halberdiers	nanu_dynamic_ror_empire_attribute_all_blessing_of_shallya_aura_of_healing	False
ruene_emp_veteran_inf_halberdiers	nanu_dynamic_ror_empire_attribute_all_blessing_of_shallya_immune_to_contact	False
ruene_emp_veteran_inf_halberdiers	nanu_dynamic_ror_empire_attribute_all_blessing_of_taal_woodsman_vanguard	False
ruene_emp_veteran_inf_halberdiers	nanu_dynamic_ror_empire_attribute_all_blessing_of_verena_immPsy_magic_attacks_ammo_type_magic	False
ruene_emp_veteran_inf_halberdiers	nanu_dynamic_ror_empire_special_melee_lord_balthasar_gelt_ability_guardian_barrier_boost_mastery_of_the_winds	False
ruene_emp_veteran_inf_halberdiers	nanu_dynamic_ror_special_armoured_enemy_all_contact_electrifying_attacks_ammo_type_lightning	False
ruene_emp_veteran_inf_halberdiers	nanu_dynamic_ror_special_armoured_enemy_all_contact_exposed_magic_attacks_ammo_type_magic	False
ruene_emp_veteran_inf_halberdiers	nanu_dynamic_ror_special_armoured_enemy_melee_ability_heroic_killing_blow_contact_sundering	False
ruene_emp_veteran_inf_halberdiers	nanu_dynamic_ror_special_beastmen_enemy_all_contact_entangling_attacks_bonus_vs_large_ammo_type_anti_large	False
ruene_emp_veteran_inf_halberdiers	nanu_dynamic_ror_special_beastmen_enemy_all_contact_scorching_flaming_attacks_ammo_type_flaming	False
ruene_emp_veteran_inf_halberdiers	nanu_dynamic_ror_special_beastmen_enemy_melee_ability_aura_of_blood	False
ruene_emp_veteran_inf_halberdiers	nanu_dynamic_ror_special_beastmen_enemy_melee_ability_aura_of_protection	False
ruene_emp_veteran_inf_halberdiers	nanu_dynamic_ror_special_beastmen_enemy_melee_ability_aura_of_warding	False
ruene_emp_veteran_inf_halberdiers	nanu_dynamic_ror_special_beastmen_enemy_melee_ability_bathed_in_blood	False
ruene_emp_veteran_inf_halberdiers	nanu_dynamic_ror_special_beastmen_enemy_melee_ability_charge_breaker_attribute_immPsy	False
ruene_emp_veteran_inf_halberdiers	nanu_dynamic_ror_special_beastmen_enemy_melee_ability_courage_in_death_attribute_immPsy	False
ruene_emp_veteran_inf_halberdiers	nanu_dynamic_ror_special_beastmen_enemy_melee_ability_frenzy_immPsy	False
ruene_emp_veteran_inf_halberdiers	nanu_dynamic_ror_special_beastmen_enemy_melee_ability_grim_resolve_immPsy	False
ruene_emp_veteran_inf_halberdiers	nanu_dynamic_ror_special_beastmen_enemy_melee_ability_hold_the_line_attribute_immPsy	False
ruene_emp_veteran_inf_halberdiers	nanu_dynamic_ror_special_beastmen_enemy_melee_ability_stand_your_ground	False
ruene_emp_veteran_inf_halberdiers	nanu_dynamic_ror_special_beastmen_enemy_melee_ability_undaunted_immPsy	False
ruene_emp_veteran_inf_halberdiers	nanu_dynamic_ror_special_beastmen_enemy_melee_ability_valiant_war_cry	False
ruene_emp_veteran_inf_halberdiers	nanu_dynamic_ror_special_beastmen_enemy_melee_attribute_brace_immPsy	False
ruene_emp_veteran_inf_halberdiers	nanu_dynamic_ror_special_bretonnia_ally_melee_ability_blessing_of_the_lady	False
ruene_emp_veteran_inf_halberdiers	nanu_dynamic_ror_special_bretonnia_ally_melee_ability_courage_in_death	False
ruene_emp_veteran_inf_halberdiers	nanu_dynamic_ror_special_bretonnia_ally_melee_ability_hold_the_line	False
ruene_emp_veteran_inf_halberdiers	nanu_dynamic_ror_special_bretonnia_ally_melee_ability_stand_your_ground	False
ruene_emp_veteran_inf_halberdiers	nanu_dynamic_ror_special_bretonnia_ally_melee_ability_valiant_war_cry	False
ruene_emp_veteran_inf_halberdiers	nanu_dynamic_ror_special_bretonnia_enemy_all_contact_entangling_attacks_bonus_vs_large_ammo_type_anti_large	False
ruene_emp_veteran_inf_halberdiers	nanu_dynamic_ror_special_bretonnia_enemy_melee_ability_charge_breaker	False
ruene_emp_veteran_inf_halberdiers	nanu_dynamic_ror_special_bretonnia_enemy_melee_ability_charge_breaker_bonus_vs_large	False
ruene_emp_veteran_inf_halberdiers	nanu_dynamic_ror_special_bretonnia_enemy_melee_ability_hold_the_line	False
ruene_emp_veteran_inf_halberdiers	nanu_dynamic_ror_special_bretonnia_enemy_melee_ability_knightslayer_bonus_vs_large	False
ruene_emp_veteran_inf_halberdiers	nanu_dynamic_ror_special_bretonnia_enemy_melee_ability_undaunted_immPsy	False
ruene_emp_veteran_inf_halberdiers	nanu_dynamic_ror_special_bretonnia_enemy_melee_ability_undaunted_immPsy_bonus_vs_large	False
ruene_emp_veteran_inf_halberdiers	nanu_dynamic_ror_special_bretonnia_enemy_melee_attribute_brace	False
ruene_emp_veteran_inf_halberdiers	nanu_dynamic_ror_special_cathay_ally_ability_melee_strength_of_the_great_bastion	False
ruene_emp_veteran_inf_halberdiers	nanu_dynamic_ror_special_cathay_ally_ability_melee_warding_iron	False
ruene_emp_veteran_inf_halberdiers	nanu_dynamic_ror_special_cathay_enemy_ability_melee_aura_of_shielding	False
ruene_emp_veteran_inf_halberdiers	nanu_dynamic_ror_special_cathay_enemy_ability_melee_disharmony	False
ruene_emp_veteran_inf_halberdiers	nanu_dynamic_ror_special_cathay_enemy_contact_all_armour_destruction_attacks	False
ruene_emp_veteran_inf_halberdiers	nanu_dynamic_ror_special_cathay_enemy_contact_all_disharmonious_attacks	False
ruene_emp_veteran_inf_halberdiers	nanu_dynamic_ror_special_chaos_ally_melee_ability_frenzy_immPsy	False
ruene_emp_veteran_inf_halberdiers	nanu_dynamic_ror_special_chaos_ally_melee_ability_violent_war_cry	False
ruene_emp_veteran_inf_halberdiers	nanu_dynamic_ror_special_chaos_enemy_all_contact_electrifying_magic_attacks_ammo_type_lightning	False
ruene_emp_veteran_inf_halberdiers	nanu_dynamic_ror_special_chaos_enemy_all_contact_exposed_magic_attacks_ammo_type_magic	False
ruene_emp_veteran_inf_halberdiers	nanu_dynamic_ror_special_chaos_enemy_all_contact_shocking_magic_attacks_ammo_type_lightning	False
ruene_emp_veteran_inf_halberdiers	nanu_dynamic_ror_special_chaos_enemy_melee_ability_banish_daemons_frenzy_immPsy	False
ruene_emp_veteran_inf_halberdiers	nanu_dynamic_ror_special_chaos_enemy_melee_ability_bathed_in_blood	False
ruene_emp_veteran_inf_halberdiers	nanu_dynamic_ror_special_chaos_enemy_melee_ability_charge_breaker	False
ruene_emp_veteran_inf_halberdiers	nanu_dynamic_ror_special_chaos_enemy_melee_ability_colossal_strike_bonus_vs_large_magic_attacks	False
ruene_emp_veteran_inf_halberdiers	nanu_dynamic_ror_special_chaos_enemy_melee_ability_courage_in_death_attribute_immPsy	False
ruene_emp_veteran_inf_halberdiers	nanu_dynamic_ror_special_chaos_enemy_melee_ability_frenzy_immPsy	False
ruene_emp_veteran_inf_halberdiers	nanu_dynamic_ror_special_chaos_enemy_melee_ability_grim_resolve_immPsy	False
ruene_emp_veteran_inf_halberdiers	nanu_dynamic_ror_special_chaos_enemy_melee_ability_hold_the_line	False
ruene_emp_veteran_inf_halberdiers	nanu_dynamic_ror_special_chaos_enemy_melee_ability_holy_aura	False
ruene_emp_veteran_inf_halberdiers	nanu_dynamic_ror_special_chaos_enemy_melee_ability_stand_your_ground_atttribute_immPsy	False
ruene_emp_veteran_inf_halberdiers	nanu_dynamic_ror_special_chaos_enemy_melee_ability_undaunted_immPsy	False
ruene_emp_veteran_inf_halberdiers	nanu_dynamic_ror_special_chaos_enemy_melee_ability_valiant_war_cry	False
ruene_emp_veteran_inf_halberdiers	nanu_dynamic_ror_special_chaos_enemy_melee_attribute_brace	False
ruene_emp_veteran_inf_halberdiers	nanu_dynamic_ror_special_chaos_enemy_melee_attribute_encourage	False
ruene_emp_veteran_inf_halberdiers	nanu_dynamic_ror_special_chaos_enemy_melee_attribute_immPsy	False
ruene_emp_veteran_inf_halberdiers	nanu_dynamic_ror_special_chorf_ally_melee_ability_thornmail	False
ruene_emp_veteran_inf_halberdiers	nanu_dynamic_ror_special_chorf_ally_melee_armour_of_gazrakh	False
ruene_emp_veteran_inf_halberdiers	nanu_dynamic_ror_special_chorf_enemy_all_ability_aura_of_shielding	False
ruene_emp_veteran_inf_halberdiers	nanu_dynamic_ror_special_chorf_enemy_all_contact_exposing_magic_attacks_ammo_type_explosive_magic	False
ruene_emp_veteran_inf_halberdiers	nanu_dynamic_ror_special_chorf_enemy_all_contact_freezing_attacks_ammo_type_frozen	False
ruene_emp_veteran_inf_halberdiers	nanu_dynamic_ror_special_chorf_enemy_melee_ability_holy_aura	False
ruene_emp_veteran_inf_halberdiers	nanu_dynamic_ror_special_chorf_enemy_melee_ability_stand_your_ground	False
ruene_emp_veteran_inf_halberdiers	nanu_dynamic_ror_special_chorf_enemy_melee_ability_undaunted_immPsy	False
ruene_emp_veteran_inf_halberdiers	nanu_dynamic_ror_special_chorf_enemy_melee_ability_valiant_war_cry	False
ruene_emp_veteran_inf_halberdiers	nanu_dynamic_ror_special_dark_elf_enemy_melee_ability_aura_of_blood	False
ruene_emp_veteran_inf_halberdiers	nanu_dynamic_ror_special_dark_elf_enemy_melee_ability_colossal_strike_bonus_vs_large	False
ruene_emp_veteran_inf_halberdiers	nanu_dynamic_ror_special_dark_elf_enemy_melee_ability_hold_the_line_attribute_encourage_immPsy	False
ruene_emp_veteran_inf_halberdiers	nanu_dynamic_ror_special_dark_elf_enemy_melee_ability_stand_your_ground_attribute_encourage_immPsy	False
ruene_emp_veteran_inf_halberdiers	nanu_dynamic_ror_special_dark_elf_enemy_melee_ability_undaunted_attribute_immPsy	False
ruene_emp_veteran_inf_halberdiers	nanu_dynamic_ror_special_dark_elf_enemy_melee_ability_valiant_war_cry_attribute_immPsy	False
ruene_emp_veteran_inf_halberdiers	nanu_dynamic_ror_special_dwarf_ally_melee_ability_aura_of_dispelling	False
ruene_emp_veteran_inf_halberdiers	nanu_dynamic_ror_special_dwarf_ally_melee_ability_aura_of_protection	False
ruene_emp_veteran_inf_halberdiers	nanu_dynamic_ror_special_dwarf_ally_melee_ability_aura_of_purity	False
ruene_emp_veteran_inf_halberdiers	nanu_dynamic_ror_special_dwarf_ally_melee_ability_aura_of_shielding	False
ruene_emp_veteran_inf_halberdiers	nanu_dynamic_ror_special_dwarf_ally_melee_ability_aura_of_warding	False
ruene_emp_veteran_inf_halberdiers	nanu_dynamic_ror_special_dwarf_ally_melee_ability_charge_breaker	False
ruene_emp_veteran_inf_halberdiers	nanu_dynamic_ror_special_dwarf_ally_melee_ability_hold_the_line	False
ruene_emp_veteran_inf_halberdiers	nanu_dynamic_ror_special_dwarf_ally_melee_ability_liquid_fortification	False
ruene_emp_veteran_inf_halberdiers	nanu_dynamic_ror_special_dwarf_ally_melee_ability_stand_your_ground	False
ruene_emp_veteran_inf_halberdiers	nanu_dynamic_ror_special_dwarf_ally_melee_ability_undaunted_immPsy	False
ruene_emp_veteran_inf_halberdiers	nanu_dynamic_ror_special_dwarf_ally_melee_ability_vengeful_war_cry	False
ruene_emp_veteran_inf_halberdiers	nanu_dynamic_ror_special_dwarf_ally_melee_attribute_brace	False
ruene_emp_veteran_inf_halberdiers	nanu_dynamic_ror_special_dwarf_enemy_all_ability_aura_of_shielding	False
ruene_emp_veteran_inf_halberdiers	nanu_dynamic_ror_special_dwarf_enemy_melee_contact_sundering_attacks	False
ruene_emp_veteran_inf_halberdiers	nanu_dynamic_ror_special_elven_enemy_all_ability_aura_of_shielding	False
ruene_emp_veteran_inf_halberdiers	nanu_dynamic_ror_special_elven_enemy_melee_ability_colossal_strike_bonus_vs_large	False
ruene_emp_veteran_inf_halberdiers	nanu_dynamic_ror_special_empire_ally_melee_ability_courage_in_death	False
ruene_emp_veteran_inf_halberdiers	nanu_dynamic_ror_special_empire_ally_melee_ability_hold_the_line	False
ruene_emp_veteran_inf_halberdiers	nanu_dynamic_ror_special_empire_ally_melee_ability_stand_your_ground	False
ruene_emp_veteran_inf_halberdiers	nanu_dynamic_ror_special_empire_ally_melee_ability_valiant_war_cry	False
ruene_emp_veteran_inf_halberdiers	nanu_dynamic_ror_special_forces_of_destruction_ally_melee_ability_frenzy_immPsy	False
ruene_emp_veteran_inf_halberdiers	nanu_dynamic_ror_special_forces_of_destruction_ally_melee_ability_thornmail	False
ruene_emp_veteran_inf_halberdiers	nanu_dynamic_ror_special_forces_of_destruction_ally_melee_ability_violent_war_cry	False
ruene_emp_veteran_inf_halberdiers	nanu_dynamic_ror_special_forces_of_destruction_enemy_all_arcane_fire_attacks_ammo_type_arcane_fire	False
ruene_emp_veteran_inf_halberdiers	nanu_dynamic_ror_special_forces_of_destruction_enemy_all_death_explosion_arcane_small_magic_attacks_ammo_type_magic	False
ruene_emp_veteran_inf_halberdiers	nanu_dynamic_ror_special_forces_of_destruction_enemy_all_death_explosion_holy_fire_arcane_fire_attacks_ammo_type_arcane_fire	False
ruene_emp_veteran_inf_halberdiers	nanu_dynamic_ror_special_forces_of_destruction_enemy_melee_ability_beacon_of_hope_encourage	False
ruene_emp_veteran_inf_halberdiers	nanu_dynamic_ror_special_forces_of_destruction_enemy_melee_ability_benediction	False
ruene_emp_veteran_inf_halberdiers	nanu_dynamic_ror_special_forces_of_destruction_enemy_melee_ability_courage_in_death	False
ruene_emp_veteran_inf_halberdiers	nanu_dynamic_ror_special_forces_of_destruction_enemy_melee_ability_grim_resolve_immPsy	False
ruene_emp_veteran_inf_halberdiers	nanu_dynamic_ror_special_forces_of_destruction_enemy_melee_ability_hold_the_line_encourage	False
ruene_emp_veteran_inf_halberdiers	nanu_dynamic_ror_special_forces_of_destruction_enemy_melee_ability_holy_aura_encourage	False
ruene_emp_veteran_inf_halberdiers	nanu_dynamic_ror_special_forces_of_destruction_enemy_melee_ability_stand_your_ground	False
ruene_emp_veteran_inf_halberdiers	nanu_dynamic_ror_special_forces_of_destruction_enemy_melee_ability_undaunted_immPsy_encourage	False
ruene_emp_veteran_inf_halberdiers	nanu_dynamic_ror_special_forces_of_destruction_enemy_melee_ability_valiant_war_cry	False
ruene_emp_veteran_inf_halberdiers	nanu_dynamic_ror_special_forces_of_destruction_enemy_melee_attribute_immPsy_encourage	False
ruene_emp_veteran_inf_halberdiers	nanu_dynamic_ror_special_forces_of_destruction_enemy_melee_attribute_unbreakable	False
ruene_emp_veteran_inf_halberdiers	nanu_dynamic_ror_special_greenskin_enemy_melee_ability_bathed_in_blood	False
ruene_emp_veteran_inf_halberdiers	nanu_dynamic_ror_special_greenskin_enemy_melee_ability_charge_breaker	False
ruene_emp_veteran_inf_halberdiers	nanu_dynamic_ror_special_greenskin_enemy_melee_ability_colossal_strike_bonus_vs_large_contact_flaming_attacks_burning	False
ruene_emp_veteran_inf_halberdiers	nanu_dynamic_ror_special_greenskin_enemy_melee_ability_frenzy_immPsy	False
ruene_emp_veteran_inf_halberdiers	nanu_dynamic_ror_special_greenskin_enemy_melee_ability_grim_resolve_immPsy	False
ruene_emp_veteran_inf_halberdiers	nanu_dynamic_ror_special_greenskin_enemy_melee_ability_hold_the_line	False
ruene_emp_veteran_inf_halberdiers	nanu_dynamic_ror_special_greenskin_enemy_melee_ability_stand_your_ground	False
ruene_emp_veteran_inf_halberdiers	nanu_dynamic_ror_special_greenskin_enemy_melee_ability_undaunted_immPsy	False
ruene_emp_veteran_inf_halberdiers	nanu_dynamic_ror_special_greenskin_enemy_melee_ability_valiant_war_cry	False
ruene_emp_veteran_inf_halberdiers	nanu_dynamic_ror_special_greenskin_enemy_melee_attribute_brace	False
ruene_emp_veteran_inf_halberdiers	nanu_dynamic_ror_special_high_elf_enemy_all_ability_colossal_strike_bonus_vs_large_ammo_type_anti_large	False
ruene_emp_veteran_inf_halberdiers	nanu_dynamic_ror_special_human_enemy_melee_ability_aura_of_shielding	False
ruene_emp_veteran_inf_halberdiers	nanu_dynamic_ror_special_human_enemy_melee_ability_valiant_war_cry	False
ruene_emp_veteran_inf_halberdiers	nanu_dynamic_ror_special_khorne_ally_melee_ability_aura_of_blood	False
ruene_emp_veteran_inf_halberdiers	nanu_dynamic_ror_special_khorne_ally_melee_ability_frenzy_immPsy	False
ruene_emp_veteran_inf_halberdiers	nanu_dynamic_ror_special_khorne_ally_melee_ability_violent_war_cry	False
ruene_emp_veteran_inf_halberdiers	nanu_dynamic_ror_special_khorne_enemy_all_ability_freezing_aura_contact_freezing_attacks_ammo_type_frozen	False
ruene_emp_veteran_inf_halberdiers	nanu_dynamic_ror_special_khorne_enemy_all_ability_freezing_aura_contact_frostbite_attacks_ammo_type_frozen	False
ruene_emp_veteran_inf_halberdiers	nanu_dynamic_ror_special_khorne_enemy_melee_ability_aura_of_blood	False
ruene_emp_veteran_inf_halberdiers	nanu_dynamic_ror_special_khorne_enemy_melee_ability_bathed_in_blood	False
ruene_emp_veteran_inf_halberdiers	nanu_dynamic_ror_special_khorne_enemy_melee_ability_colossal_strike_bonus_vs_large_magic_attacks	False
ruene_emp_veteran_inf_halberdiers	nanu_dynamic_ror_special_khorne_enemy_melee_ability_frenzy_attribute_immPsy_causes_fear	False
ruene_emp_veteran_inf_halberdiers	nanu_dynamic_ror_special_khorne_enemy_melee_ability_grim_resolve_immPsy	False
ruene_emp_veteran_inf_halberdiers	nanu_dynamic_ror_special_khorne_enemy_melee_ability_heroic_charge	False
ruene_emp_veteran_inf_halberdiers	nanu_dynamic_ror_special_khorne_enemy_melee_ability_hold_the_line_attribute_immPsy	False
ruene_emp_veteran_inf_halberdiers	nanu_dynamic_ror_special_khorne_enemy_melee_ability_stand_your_ground_attribute_immPsy	False
ruene_emp_veteran_inf_halberdiers	nanu_dynamic_ror_special_khorne_enemy_melee_ability_undaunted_immPsy	False
ruene_emp_veteran_inf_halberdiers	nanu_dynamic_ror_special_khorne_enemy_melee_ability_valiant_war_cry	False
ruene_emp_veteran_inf_halberdiers	nanu_dynamic_ror_special_khorne_enemy_melee_attribute_immPsy	False
ruene_emp_veteran_inf_halberdiers	nanu_dynamic_ror_special_khorne_enemy_melee_contact_sundering_attribute_immPsy_expert_charge_defence	False
ruene_emp_veteran_inf_halberdiers	nanu_dynamic_ror_special_kislev_ally_all_ability_freezing_aura_contact_freezing_attacks_ammo_type_frozen	False
ruene_emp_veteran_inf_halberdiers	nanu_dynamic_ror_special_kislev_ally_all_contact_frostbite_climate_winter_ammo_type_frozen	False
ruene_emp_veteran_inf_halberdiers	nanu_dynamic_ror_special_kislev_ally_all_contact_frostbite_magic_attacks_climate_winter_ammo_type_frozen	False
ruene_emp_veteran_inf_halberdiers	nanu_dynamic_ror_special_kislev_ally_melee_ability_chilling_aura_climate_winter	False
ruene_emp_veteran_inf_halberdiers	nanu_dynamic_ror_special_kislev_ally_melee_ability_frenzy_immPsy	False
ruene_emp_veteran_inf_halberdiers	nanu_dynamic_ror_special_kislev_ally_melee_ability_kvas_flasks	False
ruene_emp_veteran_inf_halberdiers	nanu_dynamic_ror_special_kislev_ally_melee_ability_undaunted_immPsy	False
ruene_emp_veteran_inf_halberdiers	nanu_dynamic_ror_special_kislev_ally_melee_contact_freezing_attacks_ammo_type_frozen	False
ruene_emp_veteran_inf_halberdiers	nanu_dynamic_ror_special_kislev_enemy_melee_ability_aura_of_rust	False
ruene_emp_veteran_inf_halberdiers	nanu_dynamic_ror_special_kislev_enemy_melee_ability_charge_breaker	False
ruene_emp_veteran_inf_halberdiers	nanu_dynamic_ror_special_kislev_enemy_melee_ability_colossal_strike_bonus_vs_large	False
ruene_emp_veteran_inf_halberdiers	nanu_dynamic_ror_special_kislev_enemy_melee_ability_frenzy_immPsy	False
ruene_emp_veteran_inf_halberdiers	nanu_dynamic_ror_special_kislev_enemy_melee_ability_kvas_flasks	False
ruene_emp_veteran_inf_halberdiers	nanu_dynamic_ror_special_knight_enemy_all_contact_electrifying_attacks_bonus_vs_large_ammo_type_anti_large_lightning	False
ruene_emp_veteran_inf_halberdiers	nanu_dynamic_ror_special_knight_enemy_all_contact_exposed_magic_attacks_ammo_type_anti_large_magic	False
ruene_emp_veteran_inf_halberdiers	nanu_dynamic_ror_special_knight_enemy_all_contact_exposed_magic_attacks_bonus_vs_large_ammo_type_anti_large_magic	False
ruene_emp_veteran_inf_halberdiers	nanu_dynamic_ror_special_knight_enemy_all_contact_shocking_attacks_ammo_type_anti_large_lightning	False
ruene_emp_veteran_inf_halberdiers	nanu_dynamic_ror_special_knight_enemy_all_contact_shocking_attacks_bonus_vs_large_ammo_type_anti_large_lightning	False
ruene_emp_veteran_inf_halberdiers	nanu_dynamic_ror_special_knight_enemy_melee_ability_thornmail_bonus_vs_large	False
ruene_emp_veteran_inf_halberdiers	nanu_dynamic_ror_special_knight_enemy_melee_ability_undaunted_immPsy	False
ruene_emp_veteran_inf_halberdiers	nanu_dynamic_ror_special_knight_enemy_melee_attribute_brace_bonus_vs_large	False
ruene_emp_veteran_inf_halberdiers	nanu_dynamic_ror_special_knight_enemy_melee_contact_sundering_attacks_bonus_vs_large	False
ruene_emp_veteran_inf_halberdiers	nanu_dynamic_ror_special_lizard_ally_all_ability_hunter_snare	False
ruene_emp_veteran_inf_halberdiers	nanu_dynamic_ror_special_lizard_ally_all_ability_hunter_trap	False
ruene_emp_veteran_inf_halberdiers	nanu_dynamic_ror_special_lizard_ally_melee_ability_aura_of_warding	False
ruene_emp_veteran_inf_halberdiers	nanu_dynamic_ror_special_lizard_ally_melee_ability_frenzy_immPsy	False
ruene_emp_veteran_inf_halberdiers	nanu_dynamic_ror_special_lizard_enemy_all_ability_aura_of_shielding	False
ruene_emp_veteran_inf_halberdiers	nanu_dynamic_ror_special_lizard_enemy_all_ability_hunter_snare_ammo_type_anti_large	False
ruene_emp_veteran_inf_halberdiers	nanu_dynamic_ror_special_lizard_enemy_all_ability_hunter_trap_ammo_type_anti_large	False
ruene_emp_veteran_inf_halberdiers	nanu_dynamic_ror_special_lizard_enemy_all_contact_armour_destruction_attacks	False
ruene_emp_veteran_inf_halberdiers	nanu_dynamic_ror_special_lizard_enemy_melee_ability_colossal_strike_bonus_vs_large	False
ruene_emp_veteran_inf_halberdiers	nanu_dynamic_ror_special_lizard_enemy_melee_ability_frenzy_immPsy	False
ruene_emp_veteran_inf_halberdiers	nanu_dynamic_ror_special_lizard_enemy_melee_ability_grim_resolve_immPsy	False
ruene_emp_veteran_inf_halberdiers	nanu_dynamic_ror_special_lizard_enemy_melee_ability_heroic_killing_blow	False
ruene_emp_veteran_inf_halberdiers	nanu_dynamic_ror_special_lizard_enemy_melee_ability_stand_your_ground	False
ruene_emp_veteran_inf_halberdiers	nanu_dynamic_ror_special_lizard_enemy_melee_ability_undaunted_immPsy	False
ruene_emp_veteran_inf_halberdiers	nanu_dynamic_ror_special_spellcaster_enemy_all_ability_arcane_blast_magic_attacks_ammo_type_magic	False
ruene_emp_veteran_inf_halberdiers	nanu_dynamic_ror_special_spellcaster_enemy_all_ability_barrier_boost	False
ruene_emp_veteran_inf_halberdiers	nanu_dynamic_ror_special_spellcaster_enemy_all_ability_ensorcelled_weapons_arcane_fire_attacks_ammo_type_arcane_fire	False
ruene_emp_veteran_inf_halberdiers	nanu_dynamic_ror_special_spellcaster_enemy_all_ability_ensorcelled_weapons_magic_attacks_ammo_type_magic	False
ruene_emp_veteran_inf_halberdiers	nanu_dynamic_ror_special_spellcaster_enemy_all_ability_ensorcelled_weapons_piercing_magic_attacks_ammo_type_magic	False
ruene_emp_veteran_inf_halberdiers	nanu_dynamic_ror_special_spellcaster_enemy_all_ability_unstable_winds_magic_attacks_ammo_type_magic	False
ruene_emp_veteran_inf_halberdiers	nanu_dynamic_ror_special_spellcaster_enemy_all_contact_sundering_magic_attacks_ammo_type_magic	False
ruene_emp_veteran_inf_halberdiers	nanu_dynamic_ror_special_spellcaster_enemy_all_death_explosion_arcane_small_barrier_boost_magic_attacks_ammo_type_magic	False
ruene_emp_veteran_inf_halberdiers	nanu_dynamic_ror_special_spellcaster_enemy_all_death_explosion_arcane_small_magic_attacks_ammo_type_magic	False
ruene_emp_veteran_inf_halberdiers	nanu_dynamic_ror_special_spellcaster_enemy_melee_ability_aura_of_dispelling_contact_magic_attacks_disrupting	False
ruene_emp_veteran_inf_halberdiers	nanu_dynamic_ror_special_monstrous_enemy_all_ability_hunter_snare_bonus_vs_large_ammo_type_anti_large	False
ruene_emp_veteran_inf_halberdiers	nanu_dynamic_ror_special_monstrous_enemy_all_ability_hunter_trap_bonus_vs_large_ammo_type_anti_large	False
ruene_emp_veteran_inf_halberdiers	nanu_dynamic_ror_special_monstrous_enemy_all_contact_bleed_attacks_bonus_vs_large_ammo_type_anti_large	False
ruene_emp_veteran_inf_halberdiers	nanu_dynamic_ror_special_monstrous_enemy_all_contact_entangling_attacks_bonus_vs_large_ammo_type_anti_large	False
ruene_emp_veteran_inf_halberdiers	nanu_dynamic_ror_special_monstrous_enemy_melee_ability_charge_breaker_bonus_vs_large	False
ruene_emp_veteran_inf_halberdiers	nanu_dynamic_ror_special_monstrous_enemy_melee_ability_colossal_strike_bonus_vs_large	False
ruene_emp_veteran_inf_halberdiers	nanu_dynamic_ror_special_monstrous_enemy_melee_ability_courage_in_death_bonus_vs_large	False
ruene_emp_veteran_inf_halberdiers	nanu_dynamic_ror_special_monstrous_enemy_melee_ability_grim_resolve_immPsy_bonus_vs_large	False
ruene_emp_veteran_inf_halberdiers	nanu_dynamic_ror_special_monstrous_enemy_melee_ability_thornmail	False
ruene_emp_veteran_inf_halberdiers	nanu_dynamic_ror_special_monstrous_enemy_melee_ability_undaunted_immPsy_bonus_vs_large	False
ruene_emp_veteran_inf_halberdiers	nanu_dynamic_ror_special_monstrous_enemy_melee_attribute_brace_bonus_vs_large	False
ruene_emp_veteran_inf_halberdiers	nanu_dynamic_ror_special_norsca_ally_melee_ability_bloodthirst	False
ruene_emp_veteran_inf_halberdiers	nanu_dynamic_ror_special_norsca_ally_melee_ability_chilling_aura	False
ruene_emp_veteran_inf_halberdiers	nanu_dynamic_ror_special_norsca_ally_melee_ability_frenzy_immPsy	False
ruene_emp_veteran_inf_halberdiers	nanu_dynamic_ror_special_norsca_ally_melee_ability_rage	False
ruene_emp_veteran_inf_halberdiers	nanu_dynamic_ror_special_norsca_ally_melee_attribute_amphibious_attribute_immPsy_vanguard	False
ruene_emp_veteran_inf_halberdiers	nanu_dynamic_ror_special_norsca_enemy_melee_ability_colossal_strike_contact_burning_flaming_attacks_bonus_vs_large_anti_large_ammo_type_flaming	False
ruene_emp_veteran_inf_halberdiers	nanu_dynamic_ror_special_norsca_enemy_melee_ability_colossal_strike_contact_scorching_flaming_attacks_bonus_vs_large_anti_large_ammo_type_flaming	False
ruene_emp_veteran_inf_halberdiers	nanu_dynamic_ror_special_norsca_enemy_melee_ability_grim_resolve_immPsy	False
ruene_emp_veteran_inf_halberdiers	nanu_dynamic_ror_special_norsca_enemy_melee_ability_hold_the_line	False
ruene_emp_veteran_inf_halberdiers	nanu_dynamic_ror_special_norsca_enemy_melee_ability_stand_your_ground	False
ruene_emp_veteran_inf_halberdiers	nanu_dynamic_ror_special_norsca_enemy_melee_ability_undaunted_immPsy	False
ruene_emp_veteran_inf_halberdiers	nanu_dynamic_ror_special_norsca_enemy_melee_ability_valiant_war_cry	False
ruene_emp_veteran_inf_halberdiers	nanu_dynamic_ror_special_nurgle_ally_all_ability_ensorcelled_weapons_contact_magic_poison_ammo_type_poison	False
ruene_emp_veteran_inf_halberdiers	nanu_dynamic_ror_special_nurgle_ally_all_attribute_perfect_vigour	False
ruene_emp_veteran_inf_halberdiers	nanu_dynamic_ror_special_nurgle_ally_melee_ability_living_armour	False
ruene_emp_veteran_inf_halberdiers	nanu_dynamic_ror_special_nurgle_ally_melee_ability_regeneration	False
ruene_emp_veteran_inf_halberdiers	nanu_dynamic_ror_special_nurgle_enemy_all_ability_wake_of_fire_contact_arcane_fire_scorching_attacks_ammo_type_flaming	False
ruene_emp_veteran_inf_halberdiers	nanu_dynamic_ror_special_nurgle_enemy_all_arcane_fire_attacks_ammo_type_arcane_fire	False
ruene_emp_veteran_inf_halberdiers	nanu_dynamic_ror_special_nurgle_enemy_all_contact_blinding_arcane_fire_attacks_ammo_type_arcane_fire	False
ruene_emp_veteran_inf_halberdiers	nanu_dynamic_ror_special_nurgle_enemy_all_contact_dark_blood_attacks	False
ruene_emp_veteran_inf_halberdiers	nanu_dynamic_ror_special_nurgle_enemy_all_death_explosion_flaming_small_flaming_attacks_ammo_type_flaming	False
ruene_emp_veteran_inf_halberdiers	nanu_dynamic_ror_special_nurgle_enemy_all_death_explosion_holy_fire_arcane_fire_attacks_ammo_type_arcane_fire	False
ruene_emp_veteran_inf_halberdiers	nanu_dynamic_ror_special_nurgle_enemy_melee_ability_aura_of_dispelling	False
ruene_emp_veteran_inf_halberdiers	nanu_dynamic_ror_special_nurgle_enemy_melee_ability_aura_of_protection	False
ruene_emp_veteran_inf_halberdiers	nanu_dynamic_ror_special_nurgle_enemy_melee_ability_aura_of_purity	False
ruene_emp_veteran_inf_halberdiers	nanu_dynamic_ror_special_nurgle_enemy_melee_ability_aura_of_warding	False
ruene_emp_veteran_inf_halberdiers	nanu_dynamic_ror_special_nurgle_enemy_melee_ability_courage_in_death	False
ruene_emp_veteran_inf_halberdiers	nanu_dynamic_ror_special_nurgle_enemy_melee_ability_frenzy_immPsy	False
ruene_emp_veteran_inf_halberdiers	nanu_dynamic_ror_special_nurgle_enemy_melee_ability_grim_resolve_immPsy	False
ruene_emp_veteran_inf_halberdiers	nanu_dynamic_ror_special_nurgle_enemy_melee_ability_hold_the_line	False
ruene_emp_veteran_inf_halberdiers	nanu_dynamic_ror_special_nurgle_enemy_melee_ability_stand_your_ground	False
ruene_emp_veteran_inf_halberdiers	nanu_dynamic_ror_special_nurgle_enemy_melee_ability_thornmail	False
ruene_emp_veteran_inf_halberdiers	nanu_dynamic_ror_special_nurgle_enemy_melee_ability_undaunted_immPsy	False
ruene_emp_veteran_inf_halberdiers	nanu_dynamic_ror_special_nurgle_enemy_melee_ability_valiant_war_cry	False
ruene_emp_veteran_inf_halberdiers	nanu_dynamic_ror_special_nurgle_enemy_melee_attribute_encourage	False
ruene_emp_veteran_inf_halberdiers	nanu_dynamic_ror_special_nurgle_enemy_melee_attribute_immPsy_unbreakable_vs_nurgle	False
ruene_emp_veteran_inf_halberdiers	nanu_dynamic_ror_special_nurgle_enemy_melee_attribute_immune_to_contact	False
ruene_emp_veteran_inf_halberdiers	nanu_dynamic_ror_special_ogre_ally_melee_ability_bloodthirst	False
ruene_emp_veteran_inf_halberdiers	nanu_dynamic_ror_special_ogre_enemy_all_contact_entangling_attacks	False
ruene_emp_veteran_inf_halberdiers	nanu_dynamic_ror_special_ogre_enemy_melee_ability_charge_breaker	False
ruene_emp_veteran_inf_halberdiers	nanu_dynamic_ror_special_ogre_enemy_melee_ability_colossal_strike_bonus_vs_large	False
ruene_emp_veteran_inf_halberdiers	nanu_dynamic_ror_special_ogre_enemy_melee_ability_courage_in_death	False
ruene_emp_veteran_inf_halberdiers	nanu_dynamic_ror_special_ogre_enemy_melee_ability_stand_your_ground	False
ruene_emp_veteran_inf_halberdiers	nanu_dynamic_ror_special_ogre_enemy_melee_ability_thornmail	False
ruene_emp_veteran_inf_halberdiers	nanu_dynamic_ror_special_ogre_enemy_melee_ability_undaunted_immPsy	False
ruene_emp_veteran_inf_halberdiers	nanu_dynamic_ror_special_ogre_enemy_melee_attribute_brace	False
ruene_emp_veteran_inf_halberdiers	nanu_dynamic_ror_special_ogre_enemy_melee_attribute_immPsy_bonus_vs_large	False
ruene_emp_veteran_inf_halberdiers	nanu_dynamic_ror_special_plague_enemy_all_ability_aura_of_purity_arcane_fire_attacks_ammo_type_arcane_fire	False
ruene_emp_veteran_inf_halberdiers	nanu_dynamic_ror_special_plague_enemy_all_ability_aura_of_warding_arcane_fire_attacks_ammo_type_arcane_fire	False
ruene_emp_veteran_inf_halberdiers	nanu_dynamic_ror_special_plague_enemy_all_contact_blinding_arcane_fire_attacks_ammo_type_arcane_fire	False
ruene_emp_veteran_inf_halberdiers	nanu_dynamic_ror_special_plague_enemy_all_contact_burning_arcane_fire_attacks_ammo_type_arcane_fire	False
ruene_emp_veteran_inf_halberdiers	nanu_dynamic_ror_special_plague_enemy_all_contact_scorching_arcane_fire_attacks_ammo_type_arcane_fire	False
ruene_emp_veteran_inf_halberdiers	nanu_dynamic_ror_special_plague_enemy_all_death_explosion_flaming_small_flaming_attacks_ammo_type_flaming	False
ruene_emp_veteran_inf_halberdiers	nanu_dynamic_ror_special_plague_enemy_all_death_explosion_holy_fire_arcane_fire_attacks_ammo_type_arcane_fire	False
ruene_emp_veteran_inf_halberdiers	nanu_dynamic_ror_special_plague_enemy_melee_ability_beacon_of_hope_arcane_fire_attacks_ammo_type_arcane_fire	False
ruene_emp_veteran_inf_halberdiers	nanu_dynamic_ror_special_skaven_enemy_all_ability_aura_of_shielding	False
ruene_emp_veteran_inf_halberdiers	nanu_dynamic_ror_special_skaven_enemy_all_death_explosion_flaming_small_flaming_attacks_ammo_type_flaming	False
ruene_emp_veteran_inf_halberdiers	nanu_dynamic_ror_special_skaven_enemy_melee_ability_aura_of_protection	False
ruene_emp_veteran_inf_halberdiers	nanu_dynamic_ror_special_skaven_enemy_melee_ability_aura_of_purity_attribute_immPsy	False
ruene_emp_veteran_inf_halberdiers	nanu_dynamic_ror_special_skaven_enemy_melee_ability_aura_of_warding	False
ruene_emp_veteran_inf_halberdiers	nanu_dynamic_ror_special_skaven_enemy_melee_ability_courage_in_death_attribute_immPsy	False
ruene_emp_veteran_inf_halberdiers	nanu_dynamic_ror_special_skaven_enemy_melee_ability_frenzy_immPsy	False
ruene_emp_veteran_inf_halberdiers	nanu_dynamic_ror_special_skaven_enemy_melee_ability_hold_the_line_attribute_immPsy	False
ruene_emp_veteran_inf_halberdiers	nanu_dynamic_ror_special_skaven_enemy_melee_ability_holy_aura_attribute_immune_to_contact	False
ruene_emp_veteran_inf_halberdiers	nanu_dynamic_ror_special_skaven_enemy_melee_ability_stand_your_ground	False
ruene_emp_veteran_inf_halberdiers	nanu_dynamic_ror_special_skaven_enemy_melee_ability_valiant_war_cry_attribute_immPsy	False
ruene_emp_veteran_inf_halberdiers	nanu_dynamic_ror_special_slaanesh_ally_melee_ability_pendant_of_slaanesh	False
ruene_emp_veteran_inf_halberdiers	nanu_dynamic_ror_special_slaanesh_ally_melee_attribute_devastating_flanker_vanguard	False
ruene_emp_veteran_inf_halberdiers	nanu_dynamic_ror_special_slaanesh_enemy_all_attribute_immPsy_vanguard	False
ruene_emp_veteran_inf_halberdiers	nanu_dynamic_ror_special_slaanesh_enemy_melee_ability_aura_of_warding_attribute_immPsy	False
ruene_emp_veteran_inf_halberdiers	nanu_dynamic_ror_special_slaanesh_enemy_melee_ability_beacon_of_hope_attribute_immPsy	False
ruene_emp_veteran_inf_halberdiers	nanu_dynamic_ror_special_slaanesh_enemy_melee_ability_charge_breaker	False
ruene_emp_veteran_inf_halberdiers	nanu_dynamic_ror_special_slaanesh_enemy_melee_ability_courage_in_death_attribute_immPsy	False
ruene_emp_veteran_inf_halberdiers	nanu_dynamic_ror_special_slaanesh_enemy_melee_ability_frenzy_immPsy	False
ruene_emp_veteran_inf_halberdiers	nanu_dynamic_ror_special_slaanesh_enemy_melee_ability_grim_resolve_immPsy	False
ruene_emp_veteran_inf_halberdiers	nanu_dynamic_ror_special_slaanesh_enemy_melee_ability_guardian_attribute_immPsy	False
ruene_emp_veteran_inf_halberdiers	nanu_dynamic_ror_special_slaanesh_enemy_melee_ability_hold_the_line_attribute_immPsy	False
ruene_emp_veteran_inf_halberdiers	nanu_dynamic_ror_special_slaanesh_enemy_melee_ability_holy_aura	False
ruene_emp_veteran_inf_halberdiers	nanu_dynamic_ror_special_slaanesh_enemy_melee_ability_stand_your_ground_attribute_immPsy	False
ruene_emp_veteran_inf_halberdiers	nanu_dynamic_ror_special_slaanesh_enemy_melee_ability_thornmail	False
ruene_emp_veteran_inf_halberdiers	nanu_dynamic_ror_special_slaanesh_enemy_melee_ability_undaunted_immPsy	False
ruene_emp_veteran_inf_halberdiers	nanu_dynamic_ror_special_slaanesh_enemy_melee_ability_valiant_war_cry	False
ruene_emp_veteran_inf_halberdiers	nanu_dynamic_ror_special_slaanesh_enemy_melee_attribute_brace	False
ruene_emp_veteran_inf_halberdiers	nanu_dynamic_ror_special_slaanesh_enemy_melee_attribute_immPsy	False
ruene_emp_veteran_inf_halberdiers	nanu_dynamic_ror_special_slaanesh_enemy_melee_attribute_immPsy_encourage	False
ruene_emp_veteran_inf_halberdiers	nanu_dynamic_ror_special_tomb_kings_enemy_all_ability_construct_killer_bonus_vs_large_ammo_type_anti_large	False
ruene_emp_veteran_inf_halberdiers	nanu_dynamic_ror_special_tomb_kings_enemy_melee_ability_blinding_radiance_contact_burning_flaming_attacks	False
ruene_emp_veteran_inf_halberdiers	nanu_dynamic_ror_special_tomb_kings_enemy_melee_ability_blinding_radiance_contact_scorching_flaming_attacks	False
ruene_emp_veteran_inf_halberdiers	nanu_dynamic_ror_special_tomb_kings_enemy_melee_ability_ever_burning_light_contact_blinding	False
ruene_emp_veteran_inf_halberdiers	nanu_dynamic_ror_special_tomb_kings_enemy_melee_ability_frenzy_immPsy_flaming_attacks_ammo_type_flaming	False
ruene_emp_veteran_inf_halberdiers	nanu_dynamic_ror_special_tomb_kings_enemy_melee_ability_holy_aura_contact_scorching_flaming_attacks	False
ruene_emp_veteran_inf_halberdiers	nanu_dynamic_ror_special_tzeentch_ally_all_ability_barrier_boost	False
ruene_emp_veteran_inf_halberdiers	nanu_dynamic_ror_special_tzeentch_ally_all_contact_armour_destruction_magic_attacks_ammo_type_magic	False
ruene_emp_veteran_inf_halberdiers	nanu_dynamic_ror_special_tzeentch_enemy_all_ability_aura_of_hexing	False
ruene_emp_veteran_inf_halberdiers	nanu_dynamic_ror_special_tzeentch_enemy_all_ability_aura_of_shielding	False
ruene_emp_veteran_inf_halberdiers	nanu_dynamic_ror_special_tzeentch_enemy_all_ability_aura_of_warding	False
ruene_emp_veteran_inf_halberdiers	nanu_dynamic_ror_special_tzeentch_enemy_all_ability_unstable_winds_contact_magic_attacks_dampening_ammo_type_magic	False
ruene_emp_veteran_inf_halberdiers	nanu_dynamic_ror_special_tzeentch_enemy_all_contact_armour_destruction_magic_attacks_ammo_type_magic	False
ruene_emp_veteran_inf_halberdiers	nanu_dynamic_ror_special_tzeentch_enemy_all_contact_dampening_magic_attacks_ammo_type_magic	False
ruene_emp_veteran_inf_halberdiers	nanu_dynamic_ror_special_tzeentch_enemy_all_contact_electrifying_magic_attacks_ammo_type_lightning	False
ruene_emp_veteran_inf_halberdiers	nanu_dynamic_ror_special_tzeentch_enemy_all_contact_shocking_magic_attacks_ammo_type_lightning	False
ruene_emp_veteran_inf_halberdiers	nanu_dynamic_ror_special_tzeentch_enemy_melee_ability_aura_of_dispelling_contact_disrupted_magic_attacks	False
ruene_emp_veteran_inf_halberdiers	nanu_dynamic_ror_special_undead_enemy_all_ability_arcane_blast_magic_attacks_ammo_type_magic	False
ruene_emp_veteran_inf_halberdiers	nanu_dynamic_ror_special_undead_enemy_all_ability_ensorcelled_weapons_arcane_fire_attacks_burning_ammo_type_arcane_fire	False
ruene_emp_veteran_inf_halberdiers	nanu_dynamic_ror_special_undead_enemy_all_ability_holy_aura_arcane_fire_ammo_type_arcane_fire	False
ruene_emp_veteran_inf_halberdiers	nanu_dynamic_ror_special_undead_enemy_all_ability_wake_of_fire_contact_burning_flaming_attacks_ammo_type_flaming	False
ruene_emp_veteran_inf_halberdiers	nanu_dynamic_ror_special_undead_enemy_all_attribute_immPsy_vanguard_contact_burning_flaming_attacks_ammo_type_flaming	False
ruene_emp_veteran_inf_halberdiers	nanu_dynamic_ror_special_undead_enemy_all_contact_burning_arcane_fire_attacks_ammo_type_arcane_fire	False
ruene_emp_veteran_inf_halberdiers	nanu_dynamic_ror_special_undead_enemy_all_contact_burning_flaming_attacks_ammo_type_flaming	False
ruene_emp_veteran_inf_halberdiers	nanu_dynamic_ror_special_undead_enemy_all_contact_scorching_flaming_attacks_ammo_type_flaming	False
ruene_emp_veteran_inf_halberdiers	nanu_dynamic_ror_special_undead_enemy_all_death_explosion_arcane_small_magic_attacks_ammo_type_magic	False
ruene_emp_veteran_inf_halberdiers	nanu_dynamic_ror_special_undead_enemy_all_death_explosion_flaming_small_arcane_fire_attacks_ammo_type_flaming	False
ruene_emp_veteran_inf_halberdiers	nanu_dynamic_ror_special_undead_enemy_all_death_explosion_holy_fire_arcane_fire_attacks_ammo_type_arcane_fire	False
ruene_emp_veteran_inf_halberdiers	nanu_dynamic_ror_special_undead_enemy_all_flaming_attacks_ammo_type_flaming	False
ruene_emp_veteran_inf_halberdiers	nanu_dynamic_ror_special_undead_enemy_melee_ability_aura_of_blood	False
ruene_emp_veteran_inf_halberdiers	nanu_dynamic_ror_special_undead_enemy_melee_ability_courage_in_death_attribute_immPsy	False
ruene_emp_veteran_inf_halberdiers	nanu_dynamic_ror_special_undead_enemy_melee_ability_frenzy_immPsy_contact_burning_flaming_attacks_ammo_type_flaming	False
ruene_emp_veteran_inf_halberdiers	nanu_dynamic_ror_special_undead_enemy_melee_ability_grim_resolve_attribute_immPsy_encourage	False
ruene_emp_veteran_inf_halberdiers	nanu_dynamic_ror_special_undead_enemy_melee_ability_hold_the_line_attribute_immPsy_encourage	False
ruene_emp_veteran_inf_halberdiers	nanu_dynamic_ror_special_undead_enemy_melee_ability_holy_aura_attribute_immPsy_encourage	False
ruene_emp_veteran_inf_halberdiers	nanu_dynamic_ror_special_undead_enemy_melee_ability_stand_your_ground_attribute_immPsy_encourage	False
ruene_emp_veteran_inf_halberdiers	nanu_dynamic_ror_special_undead_enemy_melee_ability_undaunted_immPsy_encourage	False
ruene_emp_veteran_inf_halberdiers	nanu_dynamic_ror_special_undead_enemy_melee_ability_valiant_war_cry_attribute_immPsy_encourage	False
ruene_emp_veteran_inf_halberdiers	nanu_dynamic_ror_special_undead_enemy_melee_attribute_unbreakable	False
ruene_emp_veteran_inf_halberdiers	nanu_dynamic_ror_special_vampire_coast_enemy_all_ability_aura_of_shielding	False
ruene_emp_veteran_inf_halberdiers	nanu_dynamic_ror_special_vampire_coast_enemy_melee_ability_grim_resolve_immPsy	False
ruene_emp_veteran_inf_halberdiers	nanu_dynamic_ror_special_vampire_counts_enemy_all_ability_arcane_blast_magic_attacks_ammo_type_magic	False
ruene_emp_veteran_inf_halberdiers	nanu_dynamic_ror_special_vampire_counts_enemy_all_ability_ensorcelled_weapons_arcane_fire_attacks_ammo_type_arcane_fire	False
ruene_emp_veteran_inf_halberdiers	nanu_dynamic_ror_special_vampire_counts_enemy_all_ability_ensorcelled_weapons_magic_ammo_type_magic	False
ruene_emp_veteran_inf_halberdiers	nanu_dynamic_ror_special_vampire_counts_enemy_all_ability_unstable_winds_contact_magic_attacks_armour_destruction_ammo_type_magic	False
ruene_emp_veteran_inf_halberdiers	nanu_dynamic_ror_special_vampire_counts_enemy_all_ability_wake_of_fire_contact_burning_arcane_fire_ammo_type_arcane_fire	False
ruene_emp_veteran_inf_halberdiers	nanu_dynamic_ror_special_vampire_counts_enemy_all_contact_dark_blood_attacks	False
ruene_emp_veteran_inf_halberdiers	nanu_dynamic_ror_special_vampire_counts_enemy_all_contact_disrupted_magic_attacks_ammo_type_magic	False
ruene_emp_veteran_inf_halberdiers	nanu_dynamic_ror_special_vampire_counts_enemy_all_death_explosion_flaming_small_flaming_attacks_ammo_type_flaming	False
ruene_emp_veteran_inf_halberdiers	nanu_dynamic_ror_special_vampire_counts_enemy_melee_ability_aura_of_dispelling_encourage	False
ruene_emp_veteran_inf_halberdiers	nanu_dynamic_ror_special_vampire_counts_enemy_melee_ability_aura_of_purity_holy_aura_arcane_fire_attacks_ammo_type_arcane_fire	False
ruene_emp_veteran_inf_halberdiers	nanu_dynamic_ror_special_vampire_counts_enemy_melee_ability_beacon_of_hope_encourage	False
ruene_emp_veteran_inf_halberdiers	nanu_dynamic_ror_special_vampire_counts_enemy_melee_ability_blinding_radiance_contact_blinding_arcane_fire_attacks_ammo_type_arcane_fire	False
ruene_emp_veteran_inf_halberdiers	nanu_dynamic_ror_special_vampire_counts_enemy_melee_ability_courage_in_death	False
ruene_emp_veteran_inf_halberdiers	nanu_dynamic_ror_special_vampire_counts_enemy_melee_ability_ever_burning_light_aura_of_ensorcelling_blinding_arcane_fire_attacks_ammo_type_arcane_fire	False
ruene_emp_veteran_inf_halberdiers	nanu_dynamic_ror_special_vampire_counts_enemy_melee_ability_grim_resolve_immPsy	False
ruene_emp_veteran_inf_halberdiers	nanu_dynamic_ror_special_vampire_counts_enemy_melee_ability_hold_the_line	False
ruene_emp_veteran_inf_halberdiers	nanu_dynamic_ror_special_vampire_counts_enemy_melee_ability_holy_aura_ensorcelled_weapons_contact_burning_arcane_fire_attacks_ammo_type_arcane_fire	False
ruene_emp_veteran_inf_halberdiers	nanu_dynamic_ror_special_vampire_counts_enemy_melee_ability_stand_your_ground	False
ruene_emp_veteran_inf_halberdiers	nanu_dynamic_ror_special_vampire_counts_enemy_melee_ability_thornmail	False
ruene_emp_veteran_inf_halberdiers	nanu_dynamic_ror_special_vampire_counts_enemy_melee_ability_undaunted_immPsy	False
ruene_emp_veteran_inf_halberdiers	nanu_dynamic_ror_special_vampire_counts_enemy_melee_ability_valiant_war_cry	False
ruene_emp_veteran_inf_halberdiers	nanu_dynamic_ror_special_wood_elf_enemy_all_arcane_fire_attacks_ammo_type_arcane_fire	False
ruene_emp_veteran_inf_halberdiers	nanu_dynamic_ror_special_wood_elf_enemy_all_death_explosion_flaming_small_flaming_attacks_ammo_type_flaming	False
ruene_emp_veteran_inf_halberdiers	nanu_dynamic_ror_special_wood_elf_enemy_melee_ability_frenzy_immPsy_contact_burning_flaming_attacks	False
ruene_emp_veteran_inf_halberdiers	nanu_dynamic_ror_special_wood_elf_enemy_melee_ability_rowdy_contact_burning_flaming_attacks	False
ruene_emp_veteran_inf_spearmen	nanu_dynamic_ror_basic_melee_bonus_vs_large_1	False
ruene_emp_veteran_inf_spearmen	nanu_dynamic_ror_basic_melee_bonus_vs_large_2	False
ruene_emp_veteran_inf_spearmen	nanu_dynamic_ror_basic_melee_bonus_vs_large_3	False
ruene_emp_veteran_inf_spearmen	nanu_dynamic_ror_ability_empire_all_blessing_of_morr_undying_will_attribute_immPsy	False
ruene_emp_veteran_inf_spearmen	nanu_dynamic_ror_ability_empire_all_blessing_of_ranald_luck_of_ranald	False
ruene_emp_veteran_inf_spearmen	nanu_dynamic_ror_ability_empire_melee_blessing_of_ulric_frenzy_immPsy	False
ruene_emp_veteran_inf_spearmen	nanu_dynamic_ror_ability_empire_melee_special_blessing_of_sigmar_hammer_of_sigmar_attribute_immPsy	False
ruene_emp_veteran_inf_spearmen	nanu_dynamic_ror_ability_melee_aura_of_blood	False
ruene_emp_veteran_inf_spearmen	nanu_dynamic_ror_ability_melee_aura_of_protection	False
ruene_emp_veteran_inf_spearmen	nanu_dynamic_ror_ability_melee_aura_of_shielding	False
ruene_emp_veteran_inf_spearmen	nanu_dynamic_ror_ability_melee_aura_of_warding	False
ruene_emp_veteran_inf_spearmen	nanu_dynamic_ror_ability_melee_bathed_in_blood	False
ruene_emp_veteran_inf_spearmen	nanu_dynamic_ror_ability_melee_beacon_of_hope	False
ruene_emp_veteran_inf_spearmen	nanu_dynamic_ror_ability_melee_charge_breaker	False
ruene_emp_veteran_inf_spearmen	nanu_dynamic_ror_ability_melee_courage_in_death	False
ruene_emp_veteran_inf_spearmen	nanu_dynamic_ror_ability_melee_hold_the_line	False
ruene_emp_veteran_inf_spearmen	nanu_dynamic_ror_ability_melee_stand_your_ground	False
ruene_emp_veteran_inf_spearmen	nanu_dynamic_ror_ability_melee_undaunted_immPsy	False
ruene_emp_veteran_inf_spearmen	nanu_dynamic_ror_ability_melee_valiant_war_cry	False
ruene_emp_veteran_inf_spearmen	nanu_dynamic_ror_attribute_all_immPsy_vanguard	False
ruene_emp_veteran_inf_spearmen	nanu_dynamic_ror_attribute_melee_brace	False
ruene_emp_veteran_inf_spearmen	nanu_dynamic_ror_attribute_melee_encourage	False
ruene_emp_veteran_inf_spearmen	nanu_dynamic_ror_attribute_melee_unbreakable	False
ruene_emp_veteran_inf_spearmen	nanu_dynamic_ror_climate_chaotic	False
ruene_emp_veteran_inf_spearmen	nanu_dynamic_ror_climate_chaotic_wasteland_ability_melee_grim_resolve_immPsy	False
ruene_emp_veteran_inf_spearmen	nanu_dynamic_ror_climate_chaotic_wasteland_ability_melee_stand_your_ground	False
ruene_emp_veteran_inf_spearmen	nanu_dynamic_ror_climate_chaotic_wasteland_ability_melee_undaunted_immPsy	False
ruene_emp_veteran_inf_spearmen	nanu_dynamic_ror_climate_chaotic_wasteland_attribute_all_perfect_vigour_strider	False
ruene_emp_veteran_inf_spearmen	nanu_dynamic_ror_climate_chaotic_wasteland_attribute_all_wayfarer_strider_vanguard	False
ruene_emp_veteran_inf_spearmen	nanu_dynamic_ror_climate_chaotic_wasteland_contact_all_cursed_attacks	False
ruene_emp_veteran_inf_spearmen	nanu_dynamic_ror_climate_desert	False
ruene_emp_veteran_inf_spearmen	nanu_dynamic_ror_climate_desert_ability_all_ensorcelled_weapons_flaming_arcane_fire_attacks_ammo_type_arcane_fire	False
ruene_emp_veteran_inf_spearmen	nanu_dynamic_ror_climate_desert_attribute_all_perfect_vigour	False
ruene_emp_veteran_inf_spearmen	nanu_dynamic_ror_climate_desert_contact_all_poison_attacks_ammo_type_poison	False
ruene_emp_veteran_inf_spearmen	nanu_dynamic_ror_climate_desert_contact_all_potent_poison_attacks_ammo_type_poison	False
ruene_emp_veteran_inf_spearmen	nanu_dynamic_ror_climate_desert_contact_all_rampaging_poison_flaming_attacks_ammo_type_flaming	False
ruene_emp_veteran_inf_spearmen	nanu_dynamic_ror_climate_desert_contact_all_scorching_flaming_attacks_ammo_type_flaming	False
ruene_emp_veteran_inf_spearmen	nanu_dynamic_ror_climate_frozen	False
ruene_emp_veteran_inf_spearmen	nanu_dynamic_ror_climate_frozen_ability_melee_rowdy	False
ruene_emp_veteran_inf_spearmen	nanu_dynamic_ror_climate_frozen_contact_all_freezing_attacks_ammo_type_frozen	False
ruene_emp_veteran_inf_spearmen	nanu_dynamic_ror_climate_frozen_contact_all_frostbite_attacks_ammo_type_frozen	False
ruene_emp_veteran_inf_spearmen	nanu_dynamic_ror_climate_jungle	False
ruene_emp_veteran_inf_spearmen	nanu_dynamic_ror_climate_jungle_ability_all_hunter_snare_woodsman	False
ruene_emp_veteran_inf_spearmen	nanu_dynamic_ror_climate_jungle_ability_all_hunter_snare_woodsman_contact_disorienting_attacks_ammo_type_poison	False
ruene_emp_veteran_inf_spearmen	nanu_dynamic_ror_climate_jungle_ability_all_hunter_snare_woodsman_contact_poison_attacks_ammo_type_poison	False
ruene_emp_veteran_inf_spearmen	nanu_dynamic_ror_climate_jungle_attribute_all_amphibious_woodsman	False
ruene_emp_veteran_inf_spearmen	nanu_dynamic_ror_climate_jungle_contact_all_blinding_attacks_woodsman_ammo_type_poison	False
ruene_emp_veteran_inf_spearmen	nanu_dynamic_ror_climate_jungle_contact_all_poison_attacks_woodsman_ammo_type_poison	False
ruene_emp_veteran_inf_spearmen	nanu_dynamic_ror_climate_jungle_contact_all_potent_poison_attacks_woodsman_ammo_type_poison	False
ruene_emp_veteran_inf_spearmen	nanu_dynamic_ror_climate_jungle_contact_all_rampaging_poison_woodsman_ammo_type_poison	False
ruene_emp_veteran_inf_spearmen	nanu_dynamic_ror_climate_jungle_contact_all_weakened_attacks_woodsman_ammo_type_poison	False
ruene_emp_veteran_inf_spearmen	nanu_dynamic_ror_climate_magicforest_ability_all_barrier_boost	False
ruene_emp_veteran_inf_spearmen	nanu_dynamic_ror_climate_magicforest_ability_melee_aura_of_protection	False
ruene_emp_veteran_inf_spearmen	nanu_dynamic_ror_climate_magicforest	False
ruene_emp_veteran_inf_spearmen	nanu_dynamic_ror_climate_mountain	False
ruene_emp_veteran_inf_spearmen	nanu_dynamic_ror_climate_mountain_ability_all_aura_of_protection	False
ruene_emp_veteran_inf_spearmen	nanu_dynamic_ror_climate_mountain_ability_all_aura_of_shielding	False
ruene_emp_veteran_inf_spearmen	nanu_dynamic_ror_climate_mountain_ability_melee_chilling_aura	False
ruene_emp_veteran_inf_spearmen	nanu_dynamic_ror_climate_mountain_attribute_all_perfect_vigour_wayfarer_strider_vanguard	False
ruene_emp_veteran_inf_spearmen	nanu_dynamic_ror_climate_mountain_attribute_melee_brace	False
ruene_emp_veteran_inf_spearmen	nanu_dynamic_ror_climate_ocean	False
ruene_emp_veteran_inf_spearmen	nanu_dynamic_ror_climate_ocean_attribute_all_amphibious_vanguard	False
ruene_emp_veteran_inf_spearmen	nanu_dynamic_ror_climate_ocean_contact_all_frostbite_attacks_ammo_type_frozen	False
ruene_emp_veteran_inf_spearmen	nanu_dynamic_ror_climate_snowy_mountain	False
ruene_emp_veteran_inf_spearmen	nanu_dynamic_ror_climate_wasteland	False
ruene_emp_veteran_inf_spearmen	nanu_dynamic_ror_climate_wasteland_ability_melee_grim_resolve_immPsy	False
ruene_emp_veteran_inf_spearmen	nanu_dynamic_ror_climate_wasteland_attribute_all_perfect_vigour_strider	False
ruene_emp_veteran_inf_spearmen	nanu_dynamic_ror_contact_all_entangling_attacks	False
ruene_emp_veteran_inf_spearmen	nanu_dynamic_ror_empire_attribute_all_blessing_of_manann_amphibious_vanguard	False
ruene_emp_veteran_inf_spearmen	nanu_dynamic_ror_empire_attribute_all_blessing_of_myrmidia_unrelenting_assault_flaming_attacks_ammo_type_flaming	False
ruene_emp_veteran_inf_spearmen	nanu_dynamic_ror_empire_attribute_all_blessing_of_rhya_perfect_vigour	False
ruene_emp_veteran_inf_spearmen	nanu_dynamic_ror_empire_attribute_all_blessing_of_shallya_immune_to_contact	False
ruene_emp_veteran_inf_spearmen	nanu_dynamic_ror_empire_attribute_all_blessing_of_taal_woodsman_vanguard	False
ruene_emp_veteran_inf_spearmen	nanu_dynamic_ror_empire_attribute_all_blessing_of_verena_immPsy_magic_attacks_ammo_type_magic	False
ruene_emp_veteran_inf_spearmen	nanu_dynamic_ror_empire_special_pyrrhic_victory_ability_melee_strengh_of_the_penitant_attribute_unbreakable	False
ruene_emp_veteran_inf_spearmen	nanu_dynamic_ror_empire_special_pyrrhic_victory_ability_melee_strength_of_the_penitent	False
ruene_emp_veteran_inf_spearmen	nanu_dynamic_ror_special_armoured_enemy_all_contact_exposed_magic_attacks_ammo_type_magic	False
ruene_emp_veteran_inf_spearmen	nanu_dynamic_ror_special_armoured_enemy_melee_contact_sundering_attacks	False
ruene_emp_veteran_inf_spearmen	nanu_dynamic_ror_special_beastmen_enemy_all_contact_entangling_attacks_bonus_vs_large_ammo_type_anti_large	False
ruene_emp_veteran_inf_spearmen	nanu_dynamic_ror_special_beastmen_enemy_melee_ability_aura_of_blood	False
ruene_emp_veteran_inf_spearmen	nanu_dynamic_ror_special_beastmen_enemy_melee_ability_aura_of_protection	False
ruene_emp_veteran_inf_spearmen	nanu_dynamic_ror_special_beastmen_enemy_melee_ability_aura_of_warding	False
ruene_emp_veteran_inf_spearmen	nanu_dynamic_ror_special_beastmen_enemy_melee_ability_bathed_in_blood	False
ruene_emp_veteran_inf_spearmen	nanu_dynamic_ror_special_beastmen_enemy_melee_ability_charge_breaker_attribute_immPsy	False
ruene_emp_veteran_inf_spearmen	nanu_dynamic_ror_special_beastmen_enemy_melee_ability_courage_in_death_attribute_immPsy	False
ruene_emp_veteran_inf_spearmen	nanu_dynamic_ror_special_beastmen_enemy_melee_ability_frenzy_immPsy	False
ruene_emp_veteran_inf_spearmen	nanu_dynamic_ror_special_beastmen_enemy_melee_ability_grim_resolve_immPsy	False
ruene_emp_veteran_inf_spearmen	nanu_dynamic_ror_special_beastmen_enemy_melee_ability_hold_the_line_attribute_immPsy	False
ruene_emp_veteran_inf_spearmen	nanu_dynamic_ror_special_beastmen_enemy_melee_ability_stand_your_ground	False
ruene_emp_veteran_inf_spearmen	nanu_dynamic_ror_special_beastmen_enemy_melee_ability_undaunted_immPsy	False
ruene_emp_veteran_inf_spearmen	nanu_dynamic_ror_special_beastmen_enemy_melee_ability_valiant_war_cry	False
ruene_emp_veteran_inf_spearmen	nanu_dynamic_ror_special_beastmen_enemy_melee_attribute_brace_immPsy	False
ruene_emp_veteran_inf_spearmen	nanu_dynamic_ror_special_bretonnia_ally_melee_ability_blessing_of_the_lady	False
ruene_emp_veteran_inf_spearmen	nanu_dynamic_ror_special_bretonnia_ally_melee_ability_courage_in_death	False
ruene_emp_veteran_inf_spearmen	nanu_dynamic_ror_special_bretonnia_ally_melee_ability_hold_the_line	False
ruene_emp_veteran_inf_spearmen	nanu_dynamic_ror_special_bretonnia_ally_melee_ability_stand_your_ground	False
ruene_emp_veteran_inf_spearmen	nanu_dynamic_ror_special_bretonnia_ally_melee_ability_valiant_war_cry	False
ruene_emp_veteran_inf_spearmen	nanu_dynamic_ror_special_bretonnia_enemy_all_contact_entangling_attacks_bonus_vs_large_ammo_type_anti_large	False
ruene_emp_veteran_inf_spearmen	nanu_dynamic_ror_special_bretonnia_enemy_melee_ability_charge_breaker	False
ruene_emp_veteran_inf_spearmen	nanu_dynamic_ror_special_bretonnia_enemy_melee_ability_charge_breaker_bonus_vs_large	False
ruene_emp_veteran_inf_spearmen	nanu_dynamic_ror_special_bretonnia_enemy_melee_ability_hold_the_line	False
ruene_emp_veteran_inf_spearmen	nanu_dynamic_ror_special_bretonnia_enemy_melee_ability_knightslayer_bonus_vs_large	False
ruene_emp_veteran_inf_spearmen	nanu_dynamic_ror_special_bretonnia_enemy_melee_ability_undaunted_immPsy	False
ruene_emp_veteran_inf_spearmen	nanu_dynamic_ror_special_bretonnia_enemy_melee_ability_undaunted_immPsy_bonus_vs_large	False
ruene_emp_veteran_inf_spearmen	nanu_dynamic_ror_special_bretonnia_enemy_melee_attribute_brace	False
ruene_emp_veteran_inf_spearmen	nanu_dynamic_ror_special_cathay_ally_ability_melee_strength_of_the_great_bastion	False
ruene_emp_veteran_inf_spearmen	nanu_dynamic_ror_special_cathay_ally_ability_melee_warding_iron	False
ruene_emp_veteran_inf_spearmen	nanu_dynamic_ror_special_cathay_enemy_ability_melee_aura_of_shielding	False
ruene_emp_veteran_inf_spearmen	nanu_dynamic_ror_special_cathay_enemy_ability_melee_disharmony	False
ruene_emp_veteran_inf_spearmen	nanu_dynamic_ror_special_cathay_enemy_contact_all_disharmonious_attacks	False
ruene_emp_veteran_inf_spearmen	nanu_dynamic_ror_special_chaos_ally_melee_ability_stand_or_die	False
ruene_emp_veteran_inf_spearmen	nanu_dynamic_ror_special_chaos_enemy_all_contact_exposed_magic_attacks_ammo_type_magic	False
ruene_emp_veteran_inf_spearmen	nanu_dynamic_ror_special_chaos_enemy_all_contact_shocking_magic_attacks_ammo_type_lightning	False
ruene_emp_veteran_inf_spearmen	nanu_dynamic_ror_special_chaos_enemy_melee_ability_aura_of_warding_attribute_encourage	False
ruene_emp_veteran_inf_spearmen	nanu_dynamic_ror_special_chaos_enemy_melee_ability_bathed_in_blood	False
ruene_emp_veteran_inf_spearmen	nanu_dynamic_ror_special_chaos_enemy_melee_ability_beacon_of_hope	False
ruene_emp_veteran_inf_spearmen	nanu_dynamic_ror_special_chaos_enemy_melee_ability_charge_breaker	False
ruene_emp_veteran_inf_spearmen	nanu_dynamic_ror_special_chaos_enemy_melee_ability_clairvoyance	False
ruene_emp_veteran_inf_spearmen	nanu_dynamic_ror_special_chaos_enemy_melee_ability_courage_in_death_attribute_immPsy	False
ruene_emp_veteran_inf_spearmen	nanu_dynamic_ror_special_chaos_enemy_melee_ability_frenzy_immPsy	False
ruene_emp_veteran_inf_spearmen	nanu_dynamic_ror_special_chaos_enemy_melee_ability_grim_resolve_immPsy	False
ruene_emp_veteran_inf_spearmen	nanu_dynamic_ror_special_chaos_enemy_melee_ability_hold_the_line	False
ruene_emp_veteran_inf_spearmen	nanu_dynamic_ror_special_chaos_enemy_melee_ability_holy_aura	False
ruene_emp_veteran_inf_spearmen	nanu_dynamic_ror_special_chaos_enemy_melee_ability_stand_your_ground_atttribute_immPsy	False
ruene_emp_veteran_inf_spearmen	nanu_dynamic_ror_special_chaos_enemy_melee_ability_undaunted_immPsy	False
ruene_emp_veteran_inf_spearmen	nanu_dynamic_ror_special_chaos_enemy_melee_ability_valiant_war_cry	False
ruene_emp_veteran_inf_spearmen	nanu_dynamic_ror_special_chaos_enemy_melee_attribute_brace	False
ruene_emp_veteran_inf_spearmen	nanu_dynamic_ror_special_chaos_enemy_melee_attribute_encourage	False
ruene_emp_veteran_inf_spearmen	nanu_dynamic_ror_special_chaos_enemy_melee_attribute_immPsy	False
ruene_emp_veteran_inf_spearmen	nanu_dynamic_ror_special_chorf_ally_melee_ability_thornmail	False
ruene_emp_veteran_inf_spearmen	nanu_dynamic_ror_special_chorf_ally_melee_armour_of_gazrakh	False
ruene_emp_veteran_inf_spearmen	nanu_dynamic_ror_special_chorf_enemy_all_ability_aura_of_shielding	False
ruene_emp_veteran_inf_spearmen	nanu_dynamic_ror_special_chorf_enemy_all_contact_exposing_magic_attacks_ammo_type_explosive_magic	False
ruene_emp_veteran_inf_spearmen	nanu_dynamic_ror_special_chorf_enemy_all_contact_freezing_attacks_ammo_type_frozen	False
ruene_emp_veteran_inf_spearmen	nanu_dynamic_ror_special_chorf_enemy_melee_ability_holy_aura	False
ruene_emp_veteran_inf_spearmen	nanu_dynamic_ror_special_chorf_enemy_melee_ability_stand_your_ground	False
ruene_emp_veteran_inf_spearmen	nanu_dynamic_ror_special_chorf_enemy_melee_ability_undaunted_immPsy	False
ruene_emp_veteran_inf_spearmen	nanu_dynamic_ror_special_chorf_enemy_melee_ability_valiant_war_cry	False
ruene_emp_veteran_inf_spearmen	nanu_dynamic_ror_special_dark_elf_enemy_melee_ability_aura_of_blood	False
ruene_emp_veteran_inf_spearmen	nanu_dynamic_ror_special_dark_elf_enemy_melee_ability_hold_the_line_attribute_encourage_immPsy	False
ruene_emp_veteran_inf_spearmen	nanu_dynamic_ror_special_dark_elf_enemy_melee_ability_stand_your_ground_attribute_encourage_immPsy	False
ruene_emp_veteran_inf_spearmen	nanu_dynamic_ror_special_dark_elf_enemy_melee_ability_undaunted_attribute_immPsy	False
ruene_emp_veteran_inf_spearmen	nanu_dynamic_ror_special_dark_elf_enemy_melee_ability_valiant_war_cry_attribute_immPsy	False
ruene_emp_veteran_inf_spearmen	nanu_dynamic_ror_special_dwarf_ally_melee_ability_aura_of_dispelling	False
ruene_emp_veteran_inf_spearmen	nanu_dynamic_ror_special_dwarf_ally_melee_ability_aura_of_protection	False
ruene_emp_veteran_inf_spearmen	nanu_dynamic_ror_special_dwarf_ally_melee_ability_aura_of_shielding	False
ruene_emp_veteran_inf_spearmen	nanu_dynamic_ror_special_dwarf_ally_melee_ability_aura_of_warding	False
ruene_emp_veteran_inf_spearmen	nanu_dynamic_ror_special_dwarf_ally_melee_ability_charge_breaker	False
ruene_emp_veteran_inf_spearmen	nanu_dynamic_ror_special_dwarf_ally_melee_ability_hold_the_line	False
ruene_emp_veteran_inf_spearmen	nanu_dynamic_ror_special_dwarf_ally_melee_ability_liquid_fortification	False
ruene_emp_veteran_inf_spearmen	nanu_dynamic_ror_special_dwarf_ally_melee_ability_stand_your_ground	False
ruene_emp_veteran_inf_spearmen	nanu_dynamic_ror_special_dwarf_ally_melee_ability_undaunted_immPsy	False
ruene_emp_veteran_inf_spearmen	nanu_dynamic_ror_special_dwarf_ally_melee_ability_vengeful_war_cry	False
ruene_emp_veteran_inf_spearmen	nanu_dynamic_ror_special_dwarf_ally_melee_attribute_brace	False
ruene_emp_veteran_inf_spearmen	nanu_dynamic_ror_special_elven_enemy_all_ability_aura_of_shielding	False
ruene_emp_veteran_inf_spearmen	nanu_dynamic_ror_special_elven_enemy_melee_ability_colossal_strike_bonus_vs_large	False
ruene_emp_veteran_inf_spearmen	nanu_dynamic_ror_special_empire_ally_melee_ability_courage_in_death	False
ruene_emp_veteran_inf_spearmen	nanu_dynamic_ror_special_empire_ally_melee_ability_hold_the_line	False
ruene_emp_veteran_inf_spearmen	nanu_dynamic_ror_special_empire_ally_melee_ability_stand_your_ground	False
ruene_emp_veteran_inf_spearmen	nanu_dynamic_ror_special_empire_ally_melee_ability_valiant_war_cry	False
ruene_emp_veteran_inf_spearmen	nanu_dynamic_ror_special_forces_of_destruction_enemy_melee_ability_benediction	False
ruene_emp_veteran_inf_spearmen	nanu_dynamic_ror_special_forces_of_destruction_enemy_melee_ability_courage_in_death	False
ruene_emp_veteran_inf_spearmen	nanu_dynamic_ror_special_forces_of_destruction_enemy_melee_ability_grim_resolve_immPsy	False
ruene_emp_veteran_inf_spearmen	nanu_dynamic_ror_special_forces_of_destruction_enemy_melee_ability_hold_the_line_encourage	False
ruene_emp_veteran_inf_spearmen	nanu_dynamic_ror_special_forces_of_destruction_enemy_melee_ability_holy_aura_encourage	False
ruene_emp_veteran_inf_spearmen	nanu_dynamic_ror_special_forces_of_destruction_enemy_melee_ability_stand_your_ground	False
ruene_emp_veteran_inf_spearmen	nanu_dynamic_ror_special_forces_of_destruction_enemy_melee_ability_undaunted_immPsy_encourage	False
ruene_emp_veteran_inf_spearmen	nanu_dynamic_ror_special_forces_of_destruction_enemy_melee_ability_valiant_war_cry	False
ruene_emp_veteran_inf_spearmen	nanu_dynamic_ror_special_forces_of_destruction_enemy_melee_attribute_immPsy_encourage	False
ruene_emp_veteran_inf_spearmen	nanu_dynamic_ror_special_forces_of_destruction_enemy_melee_attribute_unbreakable	False
ruene_emp_veteran_inf_spearmen	nanu_dynamic_ror_special_greenskin_enemy_melee_ability_bathed_in_blood	False
ruene_emp_veteran_inf_spearmen	nanu_dynamic_ror_special_greenskin_enemy_melee_ability_frenzy_immPsy	False
ruene_emp_veteran_inf_spearmen	nanu_dynamic_ror_special_greenskin_enemy_melee_ability_grim_resolve_immPsy	False
ruene_emp_veteran_inf_spearmen	nanu_dynamic_ror_special_greenskin_enemy_melee_ability_hold_the_line	False
ruene_emp_veteran_inf_spearmen	nanu_dynamic_ror_special_greenskin_enemy_melee_ability_stand_your_ground	False
ruene_emp_veteran_inf_spearmen	nanu_dynamic_ror_special_greenskin_enemy_melee_ability_undaunted_immPsy	False
ruene_emp_veteran_inf_spearmen	nanu_dynamic_ror_special_greenskin_enemy_melee_ability_valiant_war_cry	False
ruene_emp_veteran_inf_spearmen	nanu_dynamic_ror_special_human_enemy_melee_ability_aura_of_shielding	False
ruene_emp_veteran_inf_spearmen	nanu_dynamic_ror_special_human_enemy_melee_ability_valiant_war_cry	False
ruene_emp_veteran_inf_spearmen	nanu_dynamic_ror_special_khorne_ally_melee_ability_aura_of_blood	False
ruene_emp_veteran_inf_spearmen	nanu_dynamic_ror_special_khorne_ally_melee_ability_crush_the_weak	False
ruene_emp_veteran_inf_spearmen	nanu_dynamic_ror_special_khorne_ally_melee_ability_deadly_onslaught	False
ruene_emp_veteran_inf_spearmen	nanu_dynamic_ror_special_khorne_ally_melee_ability_frenzy_immPsy	False
ruene_emp_veteran_inf_spearmen	nanu_dynamic_ror_special_khorne_ally_melee_ability_violent_war_cry	False
ruene_emp_veteran_inf_spearmen	nanu_dynamic_ror_special_khorne_enemy_all_ability_freezing_aura_contact_frostbite_attacks_ammo_type_frozen	False
ruene_emp_veteran_inf_spearmen	nanu_dynamic_ror_special_khorne_enemy_melee_ability_bathed_in_blood	False
ruene_emp_veteran_inf_spearmen	nanu_dynamic_ror_special_khorne_enemy_melee_ability_beacon_of_hope_attribute_immPsy	False
ruene_emp_veteran_inf_spearmen	nanu_dynamic_ror_special_khorne_enemy_melee_ability_colossal_strike_bonus_vs_large_magic_attacks	False
ruene_emp_veteran_inf_spearmen	nanu_dynamic_ror_special_khorne_enemy_melee_ability_courage_in_death_attribute_immPsy	False
ruene_emp_veteran_inf_spearmen	nanu_dynamic_ror_special_khorne_enemy_melee_ability_frenzy_attribute_immPsy_causes_fear	False
ruene_emp_veteran_inf_spearmen	nanu_dynamic_ror_special_khorne_enemy_melee_ability_grim_resolve_immPsy	False
ruene_emp_veteran_inf_spearmen	nanu_dynamic_ror_special_khorne_enemy_melee_ability_hold_the_line_attribute_immPsy	False
ruene_emp_veteran_inf_spearmen	nanu_dynamic_ror_special_khorne_enemy_melee_ability_stand_your_ground_attribute_immPsy	False
ruene_emp_veteran_inf_spearmen	nanu_dynamic_ror_special_khorne_enemy_melee_ability_undaunted_immPsy	False
ruene_emp_veteran_inf_spearmen	nanu_dynamic_ror_special_khorne_enemy_melee_ability_valiant_war_cry	False
ruene_emp_veteran_inf_spearmen	nanu_dynamic_ror_special_khorne_enemy_melee_attribute_immPsy	False
ruene_emp_veteran_inf_spearmen	nanu_dynamic_ror_special_khorne_enemy_melee_contact_sundering_attribute_immPsy_expert_charge_defence	False
ruene_emp_veteran_inf_spearmen	nanu_dynamic_ror_special_kislev_ally_all_ability_freezing_aura_contact_frostbite_attacks_ammo_type_frozen	False
ruene_emp_veteran_inf_spearmen	nanu_dynamic_ror_special_kislev_ally_melee_ability_chilling_aura_climate_winter	False
ruene_emp_veteran_inf_spearmen	nanu_dynamic_ror_special_kislev_ally_melee_ability_kvas_flasks	False
ruene_emp_veteran_inf_spearmen	nanu_dynamic_ror_special_kislev_ally_melee_ability_undaunted_immPsy	False
ruene_emp_veteran_inf_spearmen	nanu_dynamic_ror_special_kislev_ally_melee_contact_freezing_attacks_ammo_type_frozen	False
ruene_emp_veteran_inf_spearmen	nanu_dynamic_ror_special_kislev_enemy_melee_ability_charge_breaker	False
ruene_emp_veteran_inf_spearmen	nanu_dynamic_ror_special_kislev_enemy_melee_ability_colossal_strike_bonus_vs_large	False
ruene_emp_veteran_inf_spearmen	nanu_dynamic_ror_special_kislev_enemy_melee_ability_kvas_flasks	False
ruene_emp_veteran_inf_spearmen	nanu_dynamic_ror_special_knight_enemy_all_ability_hunter_snare_ammo_type_anti_large	False
ruene_emp_veteran_inf_spearmen	nanu_dynamic_ror_special_knight_enemy_all_ability_hunter_trap_ammo_type_anti_large	False
ruene_emp_veteran_inf_spearmen	nanu_dynamic_ror_special_knight_enemy_all_contact_electrifying_attacks_bonus_vs_large_ammo_type_anti_large_lightning	False
ruene_emp_veteran_inf_spearmen	nanu_dynamic_ror_special_knight_enemy_all_contact_exposed_magic_attacks_ammo_type_anti_large_magic	False
ruene_emp_veteran_inf_spearmen	nanu_dynamic_ror_special_knight_enemy_all_contact_exposed_magic_attacks_bonus_vs_large_ammo_type_anti_large_magic	False
ruene_emp_veteran_inf_spearmen	nanu_dynamic_ror_special_knight_enemy_all_contact_shocking_attacks_ammo_type_anti_large_lightning	False
ruene_emp_veteran_inf_spearmen	nanu_dynamic_ror_special_knight_enemy_all_contact_shocking_attacks_bonus_vs_large_ammo_type_anti_large_lightning	False
ruene_emp_veteran_inf_spearmen	nanu_dynamic_ror_special_knight_enemy_melee_ability_charge_breaker	False
ruene_emp_veteran_inf_spearmen	nanu_dynamic_ror_special_knight_enemy_melee_ability_colossal_strike_bonus_vs_large	False
ruene_emp_veteran_inf_spearmen	nanu_dynamic_ror_special_knight_enemy_melee_ability_undaunted_immPsy	False
ruene_emp_veteran_inf_spearmen	nanu_dynamic_ror_special_knight_enemy_melee_attribute_brace_bonus_vs_large	False
ruene_emp_veteran_inf_spearmen	nanu_dynamic_ror_special_knight_enemy_melee_contact_entangling_attacks_bonus_vs_large	False
ruene_emp_veteran_inf_spearmen	nanu_dynamic_ror_special_knight_enemy_melee_contact_sundering_attacks_bonus_vs_large	False
ruene_emp_veteran_inf_spearmen	nanu_dynamic_ror_special_lizard_ally_all_ability_hunter_snare	False
ruene_emp_veteran_inf_spearmen	nanu_dynamic_ror_special_lizard_ally_all_ability_hunter_trap	False
ruene_emp_veteran_inf_spearmen	nanu_dynamic_ror_special_lizard_ally_melee_ability_aura_of_warding	False
ruene_emp_veteran_inf_spearmen	nanu_dynamic_ror_special_lizard_ally_melee_ability_frenzy_immPsy	False
ruene_emp_veteran_inf_spearmen	nanu_dynamic_ror_special_lizard_enemy_all_ability_aura_of_shielding	False
ruene_emp_veteran_inf_spearmen	nanu_dynamic_ror_special_lizard_enemy_all_ability_hunter_snare_ammo_type_anti_large	False
ruene_emp_veteran_inf_spearmen	nanu_dynamic_ror_special_lizard_enemy_all_ability_hunter_trap_ammo_type_anti_large	False
ruene_emp_veteran_inf_spearmen	nanu_dynamic_ror_special_lizard_enemy_all_contact_armour_destruction_attacks	False
ruene_emp_veteran_inf_spearmen	nanu_dynamic_ror_special_lizard_enemy_melee_ability_colossal_strike_bonus_vs_large	False
ruene_emp_veteran_inf_spearmen	nanu_dynamic_ror_special_lizard_enemy_melee_ability_frenzy_immPsy	False
ruene_emp_veteran_inf_spearmen	nanu_dynamic_ror_special_lizard_enemy_melee_ability_grim_resolve_immPsy	False
ruene_emp_veteran_inf_spearmen	nanu_dynamic_ror_special_lizard_enemy_melee_ability_heroic_killing_blow	False
ruene_emp_veteran_inf_spearmen	nanu_dynamic_ror_special_lizard_enemy_melee_ability_stand_your_ground	False
ruene_emp_veteran_inf_spearmen	nanu_dynamic_ror_special_lizard_enemy_melee_ability_undaunted_immPsy	False
ruene_emp_veteran_inf_spearmen	nanu_dynamic_ror_special_spellcaster_enemy_all_ability_barrier_boost	False
ruene_emp_veteran_inf_spearmen	nanu_dynamic_ror_special_spellcaster_enemy_all_contact_dampening_magic_attacks_ammo_type_magic	False
ruene_emp_veteran_inf_spearmen	nanu_dynamic_ror_special_spellcaster_enemy_all_contact_disrupted_magic_attacks_ammo_type_magic	False
ruene_emp_veteran_inf_spearmen	nanu_dynamic_ror_special_spellcaster_enemy_all_magic_attacks_ammo_type_magic	False
ruene_emp_veteran_inf_spearmen	nanu_dynamic_ror_special_monstrous_enemy_all_ability_hunter_snare_bonus_vs_large_ammo_type_anti_large	False
ruene_emp_veteran_inf_spearmen	nanu_dynamic_ror_special_monstrous_enemy_all_contact_bleed_attacks_bonus_vs_large_ammo_type_anti_large	False
ruene_emp_veteran_inf_spearmen	nanu_dynamic_ror_special_monstrous_enemy_all_contact_entangling_attacks_bonus_vs_large_ammo_type_anti_large	False
ruene_emp_veteran_inf_spearmen	nanu_dynamic_ror_special_monstrous_enemy_melee_ability_colossal_strike_bonus_vs_large	False
ruene_emp_veteran_inf_spearmen	nanu_dynamic_ror_special_monstrous_enemy_melee_ability_courage_in_death_bonus_vs_large	False
ruene_emp_veteran_inf_spearmen	nanu_dynamic_ror_special_monstrous_enemy_melee_ability_grim_resolve_immPsy_bonus_vs_large	False
ruene_emp_veteran_inf_spearmen	nanu_dynamic_ror_special_monstrous_enemy_melee_ability_undaunted_immPsy_bonus_vs_large	False
ruene_emp_veteran_inf_spearmen	nanu_dynamic_ror_special_norsca_ally_melee_ability_rage	False
ruene_emp_veteran_inf_spearmen	nanu_dynamic_ror_special_norsca_ally_melee_attribute_amphibious_attribute_immPsy_vanguard	False
ruene_emp_veteran_inf_spearmen	nanu_dynamic_ror_special_norsca_enemy_all_ability_hunter_snare_ammo_type_anti_large	False
ruene_emp_veteran_inf_spearmen	nanu_dynamic_ror_special_norsca_enemy_all_ability_hunter_trap_ammo_type_anti_large	False
ruene_emp_veteran_inf_spearmen	nanu_dynamic_ror_special_norsca_enemy_melee_ability_colossal_strike_contact_burning_flaming_attacks_bonus_vs_large_anti_large_ammo_type_flaming	False
ruene_emp_veteran_inf_spearmen	nanu_dynamic_ror_special_norsca_enemy_melee_ability_colossal_strike_contact_scorching_flaming_attacks_bonus_vs_large_anti_large_ammo_type_flaming	False
ruene_emp_veteran_inf_spearmen	nanu_dynamic_ror_special_norsca_enemy_melee_ability_grim_resolve_immPsy	False
ruene_emp_veteran_inf_spearmen	nanu_dynamic_ror_special_norsca_enemy_melee_ability_hold_the_line	False
ruene_emp_veteran_inf_spearmen	nanu_dynamic_ror_special_norsca_enemy_melee_ability_stand_your_ground	False
ruene_emp_veteran_inf_spearmen	nanu_dynamic_ror_special_norsca_enemy_melee_ability_undaunted_immPsy	False
ruene_emp_veteran_inf_spearmen	nanu_dynamic_ror_special_norsca_enemy_melee_ability_valiant_war_cry	False
ruene_emp_veteran_inf_spearmen	nanu_dynamic_ror_special_ogre_enemy_all_contact_entangling_attacks	False
ruene_emp_veteran_inf_spearmen	nanu_dynamic_ror_special_ogre_enemy_melee_ability_charge_breaker	False
ruene_emp_veteran_inf_spearmen	nanu_dynamic_ror_special_ogre_enemy_melee_ability_colossal_strike_bonus_vs_large	False
ruene_emp_veteran_inf_spearmen	nanu_dynamic_ror_special_ogre_enemy_melee_ability_courage_in_death	False
ruene_emp_veteran_inf_spearmen	nanu_dynamic_ror_special_ogre_enemy_melee_ability_stand_your_ground	False
ruene_emp_veteran_inf_spearmen	nanu_dynamic_ror_special_ogre_enemy_melee_ability_thornmail	False
ruene_emp_veteran_inf_spearmen	nanu_dynamic_ror_special_ogre_enemy_melee_ability_undaunted_immPsy	False
ruene_emp_veteran_inf_spearmen	nanu_dynamic_ror_special_ogre_enemy_melee_attribute_brace	False
ruene_emp_veteran_inf_spearmen	nanu_dynamic_ror_special_ogre_enemy_melee_attribute_immPsy_bonus_vs_large	False
ruene_emp_veteran_inf_spearmen	nanu_dynamic_ror_special_plague_enemy_all_ability_aura_of_warding_arcane_fire_attacks_ammo_type_arcane_fire	False
ruene_emp_veteran_inf_spearmen	nanu_dynamic_ror_special_plague_enemy_all_ability_ever_burning_light_contact_blinding_arcane_fire_attacks_ammo_type_arcane_fire	False
ruene_emp_veteran_inf_spearmen	nanu_dynamic_ror_special_plague_enemy_melee_ability_beacon_of_hope_arcane_fire_attacks_ammo_type_arcane_fire	False
ruene_emp_veteran_inf_spearmen	nanu_dynamic_ror_special_plague_enemy_melee_ability_blinding_radiance_contact_arcane_fire_attacks_ammo_type_arcane_fire	False
ruene_emp_veteran_inf_spearmen	nanu_dynamic_ror_special_skaven_enemy_all_ability_aura_of_shielding	False
ruene_emp_veteran_inf_spearmen	nanu_dynamic_ror_special_skaven_enemy_melee_ability_aura_of_protection	False
ruene_emp_veteran_inf_spearmen	nanu_dynamic_ror_special_skaven_enemy_melee_ability_aura_of_purity_attribute_immPsy	False
ruene_emp_veteran_inf_spearmen	nanu_dynamic_ror_special_skaven_enemy_melee_ability_aura_of_warding	False
ruene_emp_veteran_inf_spearmen	nanu_dynamic_ror_special_skaven_enemy_melee_ability_frenzy_immPsy	False
ruene_emp_veteran_inf_spearmen	nanu_dynamic_ror_special_skaven_enemy_melee_ability_hold_the_line_attribute_immPsy	False
ruene_emp_veteran_inf_spearmen	nanu_dynamic_ror_special_skaven_enemy_melee_ability_stand_your_ground	False
ruene_emp_veteran_inf_spearmen	nanu_dynamic_ror_special_skaven_enemy_melee_ability_valiant_war_cry_attribute_immPsy	False
ruene_emp_veteran_inf_spearmen	nanu_dynamic_ror_special_slaanesh_ally_melee_ability_pendant_of_slaanesh	False
ruene_emp_veteran_inf_spearmen	nanu_dynamic_ror_special_slaanesh_enemy_all_attribute_immPsy_vanguard	False
ruene_emp_veteran_inf_spearmen	nanu_dynamic_ror_special_slaanesh_enemy_melee_ability_aura_of_warding_attribute_immPsy	False
ruene_emp_veteran_inf_spearmen	nanu_dynamic_ror_special_slaanesh_enemy_melee_ability_beacon_of_hope_attribute_immPsy	False
ruene_emp_veteran_inf_spearmen	nanu_dynamic_ror_special_slaanesh_enemy_melee_ability_charge_breaker	False
ruene_emp_veteran_inf_spearmen	nanu_dynamic_ror_special_slaanesh_enemy_melee_ability_courage_in_death_attribute_immPsy	False
ruene_emp_veteran_inf_spearmen	nanu_dynamic_ror_special_slaanesh_enemy_melee_ability_frenzy_immPsy	False
ruene_emp_veteran_inf_spearmen	nanu_dynamic_ror_special_slaanesh_enemy_melee_ability_grim_resolve_immPsy	False
ruene_emp_veteran_inf_spearmen	nanu_dynamic_ror_special_slaanesh_enemy_melee_ability_hold_the_line_attribute_immPsy	False
ruene_emp_veteran_inf_spearmen	nanu_dynamic_ror_special_slaanesh_enemy_melee_ability_stand_your_ground_attribute_immPsy	False
ruene_emp_veteran_inf_spearmen	nanu_dynamic_ror_special_slaanesh_enemy_melee_ability_undaunted_immPsy	False
ruene_emp_veteran_inf_spearmen	nanu_dynamic_ror_special_slaanesh_enemy_melee_ability_valiant_war_cry	False
ruene_emp_veteran_inf_spearmen	nanu_dynamic_ror_special_slaanesh_enemy_melee_attribute_brace	False
ruene_emp_veteran_inf_spearmen	nanu_dynamic_ror_special_slaanesh_enemy_melee_attribute_immPsy	False
ruene_emp_veteran_inf_spearmen	nanu_dynamic_ror_special_slaanesh_enemy_melee_attribute_immPsy_encourage	False
ruene_emp_veteran_inf_spearmen	nanu_dynamic_ror_special_tomb_kings_enemy_melee_ability_ever_burning_light_contact_blinding	False
ruene_emp_veteran_inf_spearmen	nanu_dynamic_ror_special_tomb_kings_enemy_melee_ability_frenzy_immPsy_flaming_attacks_ammo_type_flaming	False
ruene_emp_veteran_inf_spearmen	nanu_dynamic_ror_special_tomb_kings_enemy_melee_ability_holy_aura_contact_scorching_flaming_attacks	False
ruene_emp_veteran_inf_spearmen	nanu_dynamic_ror_special_tzeentch_ally_all_ability_barrier_boost	False
ruene_emp_veteran_inf_spearmen	nanu_dynamic_ror_special_tzeentch_ally_all_contact_armour_destruction_magic_attacks_ammo_type_magic	False
ruene_emp_veteran_inf_spearmen	nanu_dynamic_ror_special_tzeentch_enemy_all_ability_aura_of_shielding	False
ruene_emp_veteran_inf_spearmen	nanu_dynamic_ror_special_tzeentch_enemy_all_ability_aura_of_warding	False
ruene_emp_veteran_inf_spearmen	nanu_dynamic_ror_special_tzeentch_enemy_all_contact_dampening_magic_attacks_ammo_type_magic	False
ruene_emp_veteran_inf_spearmen	nanu_dynamic_ror_special_tzeentch_enemy_all_contact_electrifying_magic_attacks_ammo_type_lightning	False
ruene_emp_veteran_inf_spearmen	nanu_dynamic_ror_special_tzeentch_enemy_all_contact_shocking_magic_attacks_ammo_type_lightning	False
ruene_emp_veteran_inf_spearmen	nanu_dynamic_ror_special_tzeentch_enemy_melee_ability_aura_of_dispelling_contact_disrupted_magic_attacks	False
ruene_emp_veteran_inf_spearmen	nanu_dynamic_ror_special_undead_enemy_all_ability_holy_aura_arcane_fire_ammo_type_arcane_fire	False
ruene_emp_veteran_inf_spearmen	nanu_dynamic_ror_special_undead_enemy_all_contact_dark_blood_attacks	False
ruene_emp_veteran_inf_spearmen	nanu_dynamic_ror_special_undead_enemy_melee_ability_courage_in_death_attribute_immPsy	False
ruene_emp_veteran_inf_spearmen	nanu_dynamic_ror_special_undead_enemy_melee_ability_hold_the_line_attribute_immPsy_encourage	False
ruene_emp_veteran_inf_spearmen	nanu_dynamic_ror_special_undead_enemy_melee_ability_holy_aura_attribute_immPsy_encourage	False
ruene_emp_veteran_inf_spearmen	nanu_dynamic_ror_special_undead_enemy_melee_ability_stand_your_ground_attribute_immPsy_encourage	False
ruene_emp_veteran_inf_spearmen	nanu_dynamic_ror_special_undead_enemy_melee_ability_undaunted_immPsy_encourage	False
ruene_emp_veteran_inf_spearmen	nanu_dynamic_ror_special_undead_enemy_melee_ability_valiant_war_cry_attribute_immPsy_encourage	False
ruene_emp_veteran_inf_spearmen	nanu_dynamic_ror_special_undead_enemy_melee_attribute_unbreakable	False
ruene_emp_veteran_inf_spearmen	nanu_dynamic_ror_special_vampire_coast_enemy_all_ability_aura_of_shielding	False
ruene_emp_veteran_inf_spearmen	nanu_dynamic_ror_special_vampire_coast_enemy_melee_ability_grim_resolve_immPsy	False
ruene_emp_veteran_inf_spearmen	nanu_dynamic_ror_special_vampire_counts_enemy_all_contact_dark_blood_attacks	False
ruene_emp_veteran_inf_spearmen	nanu_dynamic_ror_special_vampire_counts_enemy_all_contact_disrupted_magic_attacks_ammo_type_magic	False
ruene_emp_veteran_inf_spearmen	nanu_dynamic_ror_special_vampire_counts_enemy_melee_ability_aura_of_dispelling_encourage	False
ruene_emp_veteran_inf_spearmen	nanu_dynamic_ror_special_vampire_counts_enemy_melee_ability_aura_of_purity_holy_aura_arcane_fire_attacks_ammo_type_arcane_fire	False
ruene_emp_veteran_inf_spearmen	nanu_dynamic_ror_special_vampire_counts_enemy_melee_ability_beacon_of_hope_encourage	False
ruene_emp_veteran_inf_spearmen	nanu_dynamic_ror_special_vampire_counts_enemy_melee_ability_blinding_radiance_contact_blinding_arcane_fire_attacks_ammo_type_arcane_fire	False
ruene_emp_veteran_inf_spearmen	nanu_dynamic_ror_special_vampire_counts_enemy_melee_ability_courage_in_death	False
ruene_emp_veteran_inf_spearmen	nanu_dynamic_ror_special_vampire_counts_enemy_melee_ability_grim_resolve_immPsy	False
ruene_emp_veteran_inf_spearmen	nanu_dynamic_ror_special_vampire_counts_enemy_melee_ability_hold_the_line	False
ruene_emp_veteran_inf_spearmen	nanu_dynamic_ror_special_vampire_counts_enemy_melee_ability_stand_your_ground	False
ruene_emp_veteran_inf_spearmen	nanu_dynamic_ror_special_vampire_counts_enemy_melee_ability_undaunted_immPsy	False
ruene_emp_veteran_inf_spearmen	nanu_dynamic_ror_special_vampire_counts_enemy_melee_ability_valiant_war_cry	False
ruene_emp_veteran_inf_spearmen	nanu_dynamic_ror_special_wood_elf_enemy_all_ability_aura_of_shielding	False
ruene_emp_veteran_inf_spearmen	nanu_dynamic_ror_special_wood_elf_enemy_all_ability_aura_of_warding	False
ruene_emp_veteran_inf_spearmen	nanu_dynamic_ror_special_wood_elf_enemy_all_ability_hunter_snare_contact_scorching_flaming_attacks_ammo_type_anti_large_flaming	False
ruene_emp_veteran_inf_spearmen	nanu_dynamic_ror_special_wood_elf_enemy_all_ability_hunter_trap_contact_scorching_flaming_attacks_ammo_type_anti_large_flaming	False
ruene_emp_veteran_inf_spearmen	nanu_dynamic_ror_special_wood_elf_enemy_all_arcane_fire_attacks_ammo_type_arcane_fire	False
ruene_emp_veteran_inf_spearmen	nanu_dynamic_ror_special_wood_elf_enemy_melee_ability_frenzy_immPsy_contact_burning_flaming_attacks	False
ruene_emp_veteran_inf_spearmen	nanu_dynamic_ror_special_wood_elf_enemy_melee_ability_rowdy_contact_burning_flaming_attacks	False
ruene_emp_veteran_inf_swordsmen	nanu_dynamic_ror_basic_melee_1	False
ruene_emp_veteran_inf_swordsmen	nanu_dynamic_ror_basic_melee_2	False
ruene_emp_veteran_inf_swordsmen	nanu_dynamic_ror_basic_melee_3	False
ruene_emp_veteran_inf_swordsmen	nanu_dynamic_ror_ability_empire_all_blessing_of_morr_undying_will_attribute_immPsy	False
ruene_emp_veteran_inf_swordsmen	nanu_dynamic_ror_ability_empire_all_blessing_of_ranald_luck_of_ranald	False
ruene_emp_veteran_inf_swordsmen	nanu_dynamic_ror_ability_empire_melee_blessing_of_ulric_frenzy_immPsy	False
ruene_emp_veteran_inf_swordsmen	nanu_dynamic_ror_ability_empire_melee_special_blessing_of_sigmar_hammer_of_sigmar_attribute_immPsy	False
ruene_emp_veteran_inf_swordsmen	nanu_dynamic_ror_ability_melee_bathed_in_blood	False
ruene_emp_veteran_inf_swordsmen	nanu_dynamic_ror_ability_melee_bathed_in_blood_bonus_vs_infantry	False
ruene_emp_veteran_inf_swordsmen	nanu_dynamic_ror_ability_melee_courage_in_death	False
ruene_emp_veteran_inf_swordsmen	nanu_dynamic_ror_ability_melee_frenzy_immPsy	False
ruene_emp_veteran_inf_swordsmen	nanu_dynamic_ror_ability_melee_guardian	False
ruene_emp_veteran_inf_swordsmen	nanu_dynamic_ror_ability_melee_hold_the_line	False
ruene_emp_veteran_inf_swordsmen	nanu_dynamic_ror_ability_melee_undaunted_immPsy	False
ruene_emp_veteran_inf_swordsmen	nanu_dynamic_ror_ability_melee_valiant_war_cry	False
ruene_emp_veteran_inf_swordsmen	nanu_dynamic_ror_attribute_all_immPsy_vanguard	False
ruene_emp_veteran_inf_swordsmen	nanu_dynamic_ror_attribute_all_perfect_vigour	False
ruene_emp_veteran_inf_swordsmen	nanu_dynamic_ror_attribute_melee_causes_fear	False
ruene_emp_veteran_inf_swordsmen	nanu_dynamic_ror_attribute_melee_encourage	False
ruene_emp_veteran_inf_swordsmen	nanu_dynamic_ror_climate_chaotic	False
ruene_emp_veteran_inf_swordsmen	nanu_dynamic_ror_climate_chaotic_wasteland_ability_melee_aura_of_rust	False
ruene_emp_veteran_inf_swordsmen	nanu_dynamic_ror_climate_chaotic_wasteland_ability_melee_beacon_of_hope	False
ruene_emp_veteran_inf_swordsmen	nanu_dynamic_ror_climate_chaotic_wasteland_ability_melee_frenzy_immPsy	False
ruene_emp_veteran_inf_swordsmen	nanu_dynamic_ror_climate_chaotic_wasteland_ability_melee_grim_resolve_immPsy	False
ruene_emp_veteran_inf_swordsmen	nanu_dynamic_ror_climate_chaotic_wasteland_ability_melee_stand_your_ground	False
ruene_emp_veteran_inf_swordsmen	nanu_dynamic_ror_climate_chaotic_wasteland_ability_melee_undaunted_immPsy	False
ruene_emp_veteran_inf_swordsmen	nanu_dynamic_ror_climate_chaotic_wasteland_ability_melee_valiant_war_cry	False
ruene_emp_veteran_inf_swordsmen	nanu_dynamic_ror_climate_chaotic_wasteland_attribute_all_perfect_vigour_strider	False
ruene_emp_veteran_inf_swordsmen	nanu_dynamic_ror_climate_chaotic_wasteland_attribute_all_wayfarer_strider_vanguard	False
ruene_emp_veteran_inf_swordsmen	nanu_dynamic_ror_climate_chaotic_wasteland_contact_all_cursed_attacks	False
ruene_emp_veteran_inf_swordsmen	nanu_dynamic_ror_climate_desert	False
ruene_emp_veteran_inf_swordsmen	nanu_dynamic_ror_climate_desert_ability_all_ensorcelled_weapons_flaming_arcane_fire_attacks_ammo_type_arcane_fire	False
ruene_emp_veteran_inf_swordsmen	nanu_dynamic_ror_climate_desert_ability_melee_run_them_down	False
ruene_emp_veteran_inf_swordsmen	nanu_dynamic_ror_climate_desert_attribute_all_perfect_vigour	False
ruene_emp_veteran_inf_swordsmen	nanu_dynamic_ror_climate_desert_contact_all_potent_poison_attacks_ammo_type_poison	False
ruene_emp_veteran_inf_swordsmen	nanu_dynamic_ror_climate_desert_contact_all_scorching_flaming_attacks_ammo_type_flaming	False
ruene_emp_veteran_inf_swordsmen	nanu_dynamic_ror_climate_frozen	False
ruene_emp_veteran_inf_swordsmen	nanu_dynamic_ror_climate_frozen_ability_melee_relentless_assault	False
ruene_emp_veteran_inf_swordsmen	nanu_dynamic_ror_climate_frozen_ability_melee_relentless_assault_frostbite_attacks_ammo_type_frozen	False
ruene_emp_veteran_inf_swordsmen	nanu_dynamic_ror_climate_frozen_ability_melee_rowdy	False
ruene_emp_veteran_inf_swordsmen	nanu_dynamic_ror_climate_frozen_contact_all_frostbite_attacks_ammo_type_frozen	False
ruene_emp_veteran_inf_swordsmen	nanu_dynamic_ror_climate_jungle	False
ruene_emp_veteran_inf_swordsmen	nanu_dynamic_ror_climate_jungle_attribute_all_amphibious_woodsman	False
ruene_emp_veteran_inf_swordsmen	nanu_dynamic_ror_climate_jungle_attribute_all_perfect_vigour_woodsman	False
ruene_emp_veteran_inf_swordsmen	nanu_dynamic_ror_climate_magicforest_ability_all_barrier_boost	False
ruene_emp_veteran_inf_swordsmen	nanu_dynamic_ror_climate_magicforest_ability_melee_aura_of_protection	False
ruene_emp_veteran_inf_swordsmen	nanu_dynamic_ror_climate_magicforest	False
ruene_emp_veteran_inf_swordsmen	nanu_dynamic_ror_climate_mountain	False
ruene_emp_veteran_inf_swordsmen	nanu_dynamic_ror_climate_mountain_ability_all_aura_of_protection	False
ruene_emp_veteran_inf_swordsmen	nanu_dynamic_ror_climate_mountain_ability_all_aura_of_shielding	False
ruene_emp_veteran_inf_swordsmen	nanu_dynamic_ror_climate_mountain_ability_melee_chilling_aura	False
ruene_emp_veteran_inf_swordsmen	nanu_dynamic_ror_climate_mountain_ability_melee_rowdy	False
ruene_emp_veteran_inf_swordsmen	nanu_dynamic_ror_climate_mountain_attribute_all_perfect_vigour_wayfarer_strider_vanguard	False
ruene_emp_veteran_inf_swordsmen	nanu_dynamic_ror_climate_mountain_attribute_melee_brace	False
ruene_emp_veteran_inf_swordsmen	nanu_dynamic_ror_climate_ocean	False
ruene_emp_veteran_inf_swordsmen	nanu_dynamic_ror_climate_ocean_ability_melee_rowdy	False
ruene_emp_veteran_inf_swordsmen	nanu_dynamic_ror_climate_ocean_attribute_all_amphibious_vanguard	False
ruene_emp_veteran_inf_swordsmen	nanu_dynamic_ror_climate_ocean_contact_all_frostbite_attacks_ammo_type_frozen	False
ruene_emp_veteran_inf_swordsmen	nanu_dynamic_ror_climate_snowy_mountain	False
ruene_emp_veteran_inf_swordsmen	nanu_dynamic_ror_climate_wasteland	False
ruene_emp_veteran_inf_swordsmen	nanu_dynamic_ror_climate_wasteland_ability_melee_grim_resolve_immPsy	False
ruene_emp_veteran_inf_swordsmen	nanu_dynamic_ror_climate_wasteland_attribute_all_perfect_vigour_strider	False
ruene_emp_veteran_inf_swordsmen	nanu_dynamic_ror_empire_ability_all_blessing_of_myrmidia_soothing_warmth_attribute_immPsy_flaming_attacks_ammo_type_flaming	False
ruene_emp_veteran_inf_swordsmen	nanu_dynamic_ror_empire_ability_melee_blessing_of_shallya_soothing_warmth_encourage	False
ruene_emp_veteran_inf_swordsmen	nanu_dynamic_ror_empire_ability_swordsmen_courage_in_death_bonus_vs_infantry	False
ruene_emp_veteran_inf_swordsmen	nanu_dynamic_ror_empire_ability_swordsmen_valiant_war_cry_bonus_vs_infantry	False
ruene_emp_veteran_inf_swordsmen	nanu_dynamic_ror_empire_attribute_all_blessing_of_manann_amphibious_vanguard	False
ruene_emp_veteran_inf_swordsmen	nanu_dynamic_ror_empire_attribute_all_blessing_of_myrmidia_unrelenting_assault_flaming_attacks_ammo_type_flaming	False
ruene_emp_veteran_inf_swordsmen	nanu_dynamic_ror_empire_attribute_all_blessing_of_rhya_perfect_vigour	False
ruene_emp_veteran_inf_swordsmen	nanu_dynamic_ror_empire_attribute_all_blessing_of_shallya_aura_of_healing	False
ruene_emp_veteran_inf_swordsmen	nanu_dynamic_ror_empire_attribute_all_blessing_of_shallya_immune_to_contact	False
ruene_emp_veteran_inf_swordsmen	nanu_dynamic_ror_empire_attribute_all_blessing_of_taal_woodsman_vanguard	False
ruene_emp_veteran_inf_swordsmen	nanu_dynamic_ror_empire_attribute_all_blessing_of_verena_immPsy_magic_attacks_ammo_type_magic	False
ruene_emp_veteran_inf_swordsmen	nanu_dynamic_ror_empire_special_pyrrhic_victory_ability_melee_strengh_of_the_penitant_attribute_unbreakable	False
ruene_emp_veteran_inf_swordsmen	nanu_dynamic_ror_empire_special_pyrrhic_victory_ability_melee_strength_of_the_penitent	False
ruene_emp_veteran_inf_swordsmen	nanu_dynamic_ror_special_armoured_enemy_all_contact_electrifying_attacks_ammo_type_lightning	False
ruene_emp_veteran_inf_swordsmen	nanu_dynamic_ror_special_armoured_enemy_all_contact_exposed_magic_attacks_ammo_type_magic	False
ruene_emp_veteran_inf_swordsmen	nanu_dynamic_ror_special_armoured_enemy_melee_ability_deadly_onslaught_contact_sundering	False
ruene_emp_veteran_inf_swordsmen	nanu_dynamic_ror_special_armoured_enemy_melee_ability_heroic_charge	False
ruene_emp_veteran_inf_swordsmen	nanu_dynamic_ror_special_armoured_enemy_melee_ability_relentless_assault_contact_sundering	False
ruene_emp_veteran_inf_swordsmen	nanu_dynamic_ror_special_armoured_enemy_melee_contact_sundering_attacks	False
ruene_emp_veteran_inf_swordsmen	nanu_dynamic_ror_special_beastmen_enemy_all_contact_burning_flaming_attacks_ammo_type_flaming	False
ruene_emp_veteran_inf_swordsmen	nanu_dynamic_ror_special_beastmen_enemy_melee_ability_aura_of_blood	False
ruene_emp_veteran_inf_swordsmen	nanu_dynamic_ror_special_beastmen_enemy_melee_ability_aura_of_protection	False
ruene_emp_veteran_inf_swordsmen	nanu_dynamic_ror_special_beastmen_enemy_melee_ability_aura_of_warding	False
ruene_emp_veteran_inf_swordsmen	nanu_dynamic_ror_special_beastmen_enemy_melee_ability_bathed_in_blood	False
ruene_emp_veteran_inf_swordsmen	nanu_dynamic_ror_special_beastmen_enemy_melee_ability_courage_in_death_attribute_immPsy	False
ruene_emp_veteran_inf_swordsmen	nanu_dynamic_ror_special_beastmen_enemy_melee_ability_frenzy_attribute_immPsy_perfect_vigour	False
ruene_emp_veteran_inf_swordsmen	nanu_dynamic_ror_special_beastmen_enemy_melee_ability_frenzy_immPsy	False
ruene_emp_veteran_inf_swordsmen	nanu_dynamic_ror_special_beastmen_enemy_melee_ability_grim_resolve_immPsy	False
ruene_emp_veteran_inf_swordsmen	nanu_dynamic_ror_special_beastmen_enemy_melee_ability_heroic_charge_attribute_immPsy	False
ruene_emp_veteran_inf_swordsmen	nanu_dynamic_ror_special_beastmen_enemy_melee_ability_hold_the_line_attribute_immPsy	False
ruene_emp_veteran_inf_swordsmen	nanu_dynamic_ror_special_beastmen_enemy_melee_ability_stand_your_ground	False
ruene_emp_veteran_inf_swordsmen	nanu_dynamic_ror_special_beastmen_enemy_melee_ability_undaunted_immPsy	False
ruene_emp_veteran_inf_swordsmen	nanu_dynamic_ror_special_beastmen_enemy_melee_ability_valiant_war_cry	False
ruene_emp_veteran_inf_swordsmen	nanu_dynamic_ror_special_bretonnia_ally_melee_ability_blessing_of_the_lady	False
ruene_emp_veteran_inf_swordsmen	nanu_dynamic_ror_special_bretonnia_ally_melee_ability_courage_in_death	False
ruene_emp_veteran_inf_swordsmen	nanu_dynamic_ror_special_bretonnia_ally_melee_ability_heroic_charge	False
ruene_emp_veteran_inf_swordsmen	nanu_dynamic_ror_special_bretonnia_ally_melee_ability_hold_the_line	False
ruene_emp_veteran_inf_swordsmen	nanu_dynamic_ror_special_bretonnia_ally_melee_ability_stand_your_ground	False
ruene_emp_veteran_inf_swordsmen	nanu_dynamic_ror_special_bretonnia_ally_melee_ability_valiant_war_cry	False
ruene_emp_veteran_inf_swordsmen	nanu_dynamic_ror_special_bretonnia_ally_melee_attribute_impetuous_immPsy	False
ruene_emp_veteran_inf_swordsmen	nanu_dynamic_ror_special_bretonnia_enemy_melee_ability_hold_the_line	False
ruene_emp_veteran_inf_swordsmen	nanu_dynamic_ror_special_bretonnia_enemy_melee_ability_undaunted_immPsy	False
ruene_emp_veteran_inf_swordsmen	nanu_dynamic_ror_special_chaos_ally_melee_ability_frenzy_immPsy	False
ruene_emp_veteran_inf_swordsmen	nanu_dynamic_ror_special_chaos_ally_melee_ability_stand_or_die	False
ruene_emp_veteran_inf_swordsmen	nanu_dynamic_ror_special_chaos_ally_melee_ability_violent_war_cry	False
ruene_emp_veteran_inf_swordsmen	nanu_dynamic_ror_special_chaos_enemy_all_contact_electrifying_magic_attacks_ammo_type_lightning	False
ruene_emp_veteran_inf_swordsmen	nanu_dynamic_ror_special_chaos_enemy_all_contact_exposed_magic_attacks_ammo_type_magic	False
ruene_emp_veteran_inf_swordsmen	nanu_dynamic_ror_special_chaos_enemy_all_contact_shocking_magic_attacks_ammo_type_lightning	False
ruene_emp_veteran_inf_swordsmen	nanu_dynamic_ror_special_chaos_enemy_melee_ability_banish_daemons_frenzy_immPsy	False
ruene_emp_veteran_inf_swordsmen	nanu_dynamic_ror_special_chaos_enemy_melee_ability_banish_daemons_holy_aura_magic_attacks_ammo_type_magic	False
ruene_emp_veteran_inf_swordsmen	nanu_dynamic_ror_special_chaos_enemy_melee_ability_bathed_in_blood	False
ruene_emp_veteran_inf_swordsmen	nanu_dynamic_ror_special_chaos_enemy_melee_ability_beacon_of_hope	False
ruene_emp_veteran_inf_swordsmen	nanu_dynamic_ror_special_chaos_enemy_melee_ability_courage_in_death_attribute_immPsy	False
ruene_emp_veteran_inf_swordsmen	nanu_dynamic_ror_special_chaos_enemy_melee_ability_frenzy_immPsy	False
ruene_emp_veteran_inf_swordsmen	nanu_dynamic_ror_special_chaos_enemy_melee_ability_grim_resolve_immPsy	False
ruene_emp_veteran_inf_swordsmen	nanu_dynamic_ror_special_chaos_enemy_melee_ability_heroic_charge	False
ruene_emp_veteran_inf_swordsmen	nanu_dynamic_ror_special_chaos_enemy_melee_ability_hold_the_line	False
ruene_emp_veteran_inf_swordsmen	nanu_dynamic_ror_special_chaos_enemy_melee_ability_stand_your_ground_atttribute_immPsy	False
ruene_emp_veteran_inf_swordsmen	nanu_dynamic_ror_special_chaos_enemy_melee_ability_undaunted_immPsy	False
ruene_emp_veteran_inf_swordsmen	nanu_dynamic_ror_special_chaos_enemy_melee_ability_valiant_war_cry	False
ruene_emp_veteran_inf_swordsmen	nanu_dynamic_ror_special_chaos_enemy_melee_attribute_encourage	False
ruene_emp_veteran_inf_swordsmen	nanu_dynamic_ror_special_chaos_enemy_melee_attribute_immPsy	False
ruene_emp_veteran_inf_swordsmen	nanu_dynamic_ror_special_chorf_ally_all_contact_burning_flaming_attacks_ammo_type_flaming	False
ruene_emp_veteran_inf_swordsmen	nanu_dynamic_ror_special_chorf_ally_melee_ability_thornmail	False
ruene_emp_veteran_inf_swordsmen	nanu_dynamic_ror_special_chorf_ally_melee_armour_of_gazrakh	False
ruene_emp_veteran_inf_swordsmen	nanu_dynamic_ror_special_chorf_enemy_all_ability_aura_of_shielding	False
ruene_emp_veteran_inf_swordsmen	nanu_dynamic_ror_special_chorf_enemy_all_contact_exposing_magic_attacks_ammo_type_explosive_magic	False
ruene_emp_veteran_inf_swordsmen	nanu_dynamic_ror_special_chorf_enemy_all_contact_freezing_attacks_ammo_type_frozen	False
ruene_emp_veteran_inf_swordsmen	nanu_dynamic_ror_special_chorf_enemy_melee_ability_frenzied_charge_bonus_vs_infantry	False
ruene_emp_veteran_inf_swordsmen	nanu_dynamic_ror_special_chorf_enemy_melee_ability_heroic_charge_bonus_vs_infantry	False
ruene_emp_veteran_inf_swordsmen	nanu_dynamic_ror_special_chorf_enemy_melee_ability_holy_aura	False
ruene_emp_veteran_inf_swordsmen	nanu_dynamic_ror_special_chorf_enemy_melee_ability_stand_your_ground	False
ruene_emp_veteran_inf_swordsmen	nanu_dynamic_ror_special_chorf_enemy_melee_ability_undaunted_immPsy	False
ruene_emp_veteran_inf_swordsmen	nanu_dynamic_ror_special_chorf_enemy_melee_ability_valiant_war_cry_bonus_vs_infantry	False
ruene_emp_veteran_inf_swordsmen	nanu_dynamic_ror_special_dark_elf_enemy_melee_ability_aura_of_blood	False
ruene_emp_veteran_inf_swordsmen	nanu_dynamic_ror_special_dark_elf_enemy_melee_ability_frenzied_charge_attribute_glorious_charge_immPsy	False
ruene_emp_veteran_inf_swordsmen	nanu_dynamic_ror_special_dark_elf_enemy_melee_ability_heroic_charge_attribute_glorious_charge_immPsy	False
ruene_emp_veteran_inf_swordsmen	nanu_dynamic_ror_special_dark_elf_enemy_melee_ability_hold_the_line_attribute_encourage_immPsy	False
ruene_emp_veteran_inf_swordsmen	nanu_dynamic_ror_special_dark_elf_enemy_melee_ability_stand_your_ground_attribute_encourage_immPsy	False
ruene_emp_veteran_inf_swordsmen	nanu_dynamic_ror_special_dark_elf_enemy_melee_ability_undaunted_attribute_immPsy	False
ruene_emp_veteran_inf_swordsmen	nanu_dynamic_ror_special_dark_elf_enemy_melee_ability_valiant_war_cry_attribute_immPsy	False
ruene_emp_veteran_inf_swordsmen	nanu_dynamic_ror_special_dwarf_ally_melee_ability_aura_of_protection	False
ruene_emp_veteran_inf_swordsmen	nanu_dynamic_ror_special_dwarf_ally_melee_ability_aura_of_warding	False
ruene_emp_veteran_inf_swordsmen	nanu_dynamic_ror_special_dwarf_ally_melee_ability_hold_the_line	False
ruene_emp_veteran_inf_swordsmen	nanu_dynamic_ror_special_dwarf_ally_melee_ability_liquid_fortification	False
ruene_emp_veteran_inf_swordsmen	nanu_dynamic_ror_special_dwarf_ally_melee_ability_stand_your_ground	False
ruene_emp_veteran_inf_swordsmen	nanu_dynamic_ror_special_dwarf_ally_melee_ability_undaunted_immPsy	False
ruene_emp_veteran_inf_swordsmen	nanu_dynamic_ror_special_dwarf_ally_melee_ability_vengeful_war_cry	False
ruene_emp_veteran_inf_swordsmen	nanu_dynamic_ror_special_dwarf_enemy_melee_ability_heroic_charge_bonus_vs_infantry	False
ruene_emp_veteran_inf_swordsmen	nanu_dynamic_ror_special_dwarf_enemy_melee_contact_sundering_attacks	False
ruene_emp_veteran_inf_swordsmen	nanu_dynamic_ror_special_elven_enemy_all_ability_aura_of_shielding	False
ruene_emp_veteran_inf_swordsmen	nanu_dynamic_ror_special_elven_enemy_melee_ability_relentless_assault	False
ruene_emp_veteran_inf_swordsmen	nanu_dynamic_ror_special_elven_enemy_melee_ability_run_them_down	False
ruene_emp_veteran_inf_swordsmen	nanu_dynamic_ror_special_elven_enemy_melee_attribute_flanker_devastating_flanker_strider_vanguard	False
ruene_emp_veteran_inf_swordsmen	nanu_dynamic_ror_special_empire_ally_melee_ability_courage_in_death	False
ruene_emp_veteran_inf_swordsmen	nanu_dynamic_ror_special_empire_ally_melee_ability_heroic_charge_bonus_vs_infantry	False
ruene_emp_veteran_inf_swordsmen	nanu_dynamic_ror_special_empire_ally_melee_ability_hold_the_line	False
ruene_emp_veteran_inf_swordsmen	nanu_dynamic_ror_special_empire_ally_melee_ability_stand_your_ground	False
ruene_emp_veteran_inf_swordsmen	nanu_dynamic_ror_special_empire_ally_melee_ability_valiant_war_cry	False
ruene_emp_veteran_inf_swordsmen	nanu_dynamic_ror_special_forces_of_destruction_ally_melee_ability_bloodthirst_attribute_causes_fear	False
ruene_emp_veteran_inf_swordsmen	nanu_dynamic_ror_special_forces_of_destruction_ally_melee_ability_frenzy_immPsy	False
ruene_emp_veteran_inf_swordsmen	nanu_dynamic_ror_special_forces_of_destruction_ally_melee_ability_violent_war_cry	False
ruene_emp_veteran_inf_swordsmen	nanu_dynamic_ror_special_forces_of_destruction_enemy_all_arcane_fire_attacks_ammo_type_arcane_fire	False
ruene_emp_veteran_inf_swordsmen	nanu_dynamic_ror_special_forces_of_destruction_enemy_all_contact_burning_arcane_fire_attacks_ammo_type_arcane_fire	False
ruene_emp_veteran_inf_swordsmen	nanu_dynamic_ror_special_forces_of_destruction_enemy_all_death_explosion_arcane_small_magic_attacks_ammo_type_magic	False
ruene_emp_veteran_inf_swordsmen	nanu_dynamic_ror_special_forces_of_destruction_enemy_all_death_explosion_holy_fire_arcane_fire_attacks_ammo_type_arcane_fire	False
ruene_emp_veteran_inf_swordsmen	nanu_dynamic_ror_special_forces_of_destruction_enemy_melee_ability_aura_of_warding_attribute_immPsy_encourage	False
ruene_emp_veteran_inf_swordsmen	nanu_dynamic_ror_special_forces_of_destruction_enemy_melee_ability_beacon_of_hope_encourage	False
ruene_emp_veteran_inf_swordsmen	nanu_dynamic_ror_special_forces_of_destruction_enemy_melee_ability_blinding_radiance_encourage	False
ruene_emp_veteran_inf_swordsmen	nanu_dynamic_ror_special_forces_of_destruction_enemy_melee_ability_courage_in_death	False
ruene_emp_veteran_inf_swordsmen	nanu_dynamic_ror_special_forces_of_destruction_enemy_melee_ability_ever_burning_light_contact_blinding	False
ruene_emp_veteran_inf_swordsmen	nanu_dynamic_ror_special_forces_of_destruction_enemy_melee_ability_flame_incarnate_contact_burning_flaming_attacks_ammo_type_flaming	False
ruene_emp_veteran_inf_swordsmen	nanu_dynamic_ror_special_forces_of_destruction_enemy_melee_ability_flame_incarnate_flaming_attacks_ammo_type_flaming	False
ruene_emp_veteran_inf_swordsmen	nanu_dynamic_ror_special_forces_of_destruction_enemy_melee_ability_grim_resolve_immPsy	False
ruene_emp_veteran_inf_swordsmen	nanu_dynamic_ror_special_forces_of_destruction_enemy_melee_ability_hold_the_line_encourage	False
ruene_emp_veteran_inf_swordsmen	nanu_dynamic_ror_special_forces_of_destruction_enemy_melee_ability_stand_your_ground	False
ruene_emp_veteran_inf_swordsmen	nanu_dynamic_ror_special_forces_of_destruction_enemy_melee_ability_undaunted_immPsy_encourage	False
ruene_emp_veteran_inf_swordsmen	nanu_dynamic_ror_special_forces_of_destruction_enemy_melee_ability_valiant_war_cry	False
ruene_emp_veteran_inf_swordsmen	nanu_dynamic_ror_special_forces_of_destruction_enemy_melee_attribute_immPsy_encourage	False
ruene_emp_veteran_inf_swordsmen	nanu_dynamic_ror_special_forces_of_destruction_enemy_melee_attribute_unbreakable	False
ruene_emp_veteran_inf_swordsmen	nanu_dynamic_ror_special_greenskin_enemy_melee_ability_bathed_in_blood	False
ruene_emp_veteran_inf_swordsmen	nanu_dynamic_ror_special_greenskin_enemy_melee_ability_frenzy_immPsy	False
ruene_emp_veteran_inf_swordsmen	nanu_dynamic_ror_special_greenskin_enemy_melee_ability_grim_resolve_immPsy	False
ruene_emp_veteran_inf_swordsmen	nanu_dynamic_ror_special_greenskin_enemy_melee_ability_heroic_charge	False
ruene_emp_veteran_inf_swordsmen	nanu_dynamic_ror_special_greenskin_enemy_melee_ability_hold_the_line	False
ruene_emp_veteran_inf_swordsmen	nanu_dynamic_ror_special_greenskin_enemy_melee_ability_stand_your_ground	False
ruene_emp_veteran_inf_swordsmen	nanu_dynamic_ror_special_greenskin_enemy_melee_ability_undaunted_immPsy	False
ruene_emp_veteran_inf_swordsmen	nanu_dynamic_ror_special_greenskin_enemy_melee_ability_valiant_war_cry	False
ruene_emp_veteran_inf_swordsmen	nanu_dynamic_ror_special_high_elf_enemy_melee_ability_frenzied_charge	False
ruene_emp_veteran_inf_swordsmen	nanu_dynamic_ror_special_high_elf_enemy_melee_ability_unstoppable_charge_attribute_glorious_charge	False
ruene_emp_veteran_inf_swordsmen	nanu_dynamic_ror_special_high_elf_enemy_melee_attribute_immaculate_charge_vanguard_devastating_flanker	False
ruene_emp_veteran_inf_swordsmen	nanu_dynamic_ror_special_human_enemy_melee_ability_aura_of_shielding	False
ruene_emp_veteran_inf_swordsmen	nanu_dynamic_ror_special_human_enemy_melee_ability_relentless_assault	False
ruene_emp_veteran_inf_swordsmen	nanu_dynamic_ror_special_human_enemy_melee_ability_valiant_war_cry	False
ruene_emp_veteran_inf_swordsmen	nanu_dynamic_ror_special_human_enemy_melee_ability_valiant_war_cry_bonus_vs_infantry	False
ruene_emp_veteran_inf_swordsmen	nanu_dynamic_ror_special_khorne_ally_melee_ability_aura_of_blood	False
ruene_emp_veteran_inf_swordsmen	nanu_dynamic_ror_special_khorne_ally_melee_ability_berserk_bonus_vs_infantry	False
ruene_emp_veteran_inf_swordsmen	nanu_dynamic_ror_special_khorne_ally_melee_ability_frenzy_immPsy	False
ruene_emp_veteran_inf_swordsmen	nanu_dynamic_ror_special_khorne_ally_melee_ability_violent_war_cry	False
ruene_emp_veteran_inf_swordsmen	nanu_dynamic_ror_special_khorne_enemy_all_ability_freezing_aura_contact_frostbite_attacks_ammo_type_frozen	False
ruene_emp_veteran_inf_swordsmen	nanu_dynamic_ror_special_khorne_enemy_melee_ability_aura_of_blood	False
ruene_emp_veteran_inf_swordsmen	nanu_dynamic_ror_special_khorne_enemy_melee_ability_bathed_in_blood	False
ruene_emp_veteran_inf_swordsmen	nanu_dynamic_ror_special_khorne_enemy_melee_ability_courage_in_death_attribute_immPsy	False
ruene_emp_veteran_inf_swordsmen	nanu_dynamic_ror_special_khorne_enemy_melee_ability_frenzy_attribute_immPsy_causes_fear	False
ruene_emp_veteran_inf_swordsmen	nanu_dynamic_ror_special_khorne_enemy_melee_ability_grim_resolve_immPsy	False
ruene_emp_veteran_inf_swordsmen	nanu_dynamic_ror_special_khorne_enemy_melee_ability_hold_the_line_attribute_immPsy	False
ruene_emp_veteran_inf_swordsmen	nanu_dynamic_ror_special_khorne_enemy_melee_ability_stand_your_ground_attribute_immPsy	False
ruene_emp_veteran_inf_swordsmen	nanu_dynamic_ror_special_khorne_enemy_melee_ability_undaunted_immPsy	False
ruene_emp_veteran_inf_swordsmen	nanu_dynamic_ror_special_khorne_enemy_melee_ability_valiant_war_cry	False
ruene_emp_veteran_inf_swordsmen	nanu_dynamic_ror_special_khorne_enemy_melee_attribute_immPsy	False
ruene_emp_veteran_inf_swordsmen	nanu_dynamic_ror_special_khorne_enemy_melee_contact_sundering_attribute_immPsy_expert_charge_defence	False
ruene_emp_veteran_inf_swordsmen	nanu_dynamic_ror_special_kislev_ally_all_ability_freezing_aura_contact_frostbite_attacks_ammo_type_frozen	False
ruene_emp_veteran_inf_swordsmen	nanu_dynamic_ror_special_kislev_ally_melee_ability_chilling_aura_climate_winter	False
ruene_emp_veteran_inf_swordsmen	nanu_dynamic_ror_special_kislev_ally_melee_ability_frenzy_immPsy	False
ruene_emp_veteran_inf_swordsmen	nanu_dynamic_ror_special_kislev_ally_melee_ability_kvas_flasks	False
ruene_emp_veteran_inf_swordsmen	nanu_dynamic_ror_special_kislev_ally_melee_ability_undaunted_immPsy	False
ruene_emp_veteran_inf_swordsmen	nanu_dynamic_ror_special_kislev_ally_melee_contact_freezing_attacks_ammo_type_frozen	False
ruene_emp_veteran_inf_swordsmen	nanu_dynamic_ror_special_kislev_enemy_melee_ability_frenzy_immPsy	False
ruene_emp_veteran_inf_swordsmen	nanu_dynamic_ror_special_kislev_enemy_melee_ability_kvas_flasks	False
ruene_emp_veteran_inf_swordsmen	nanu_dynamic_ror_special_kislev_enemy_melee_attribute_fear	False
ruene_emp_veteran_inf_swordsmen	nanu_dynamic_ror_special_knight_enemy_all_contact_exposed_magic_attacks_ammo_type_anti_large_magic	False
ruene_emp_veteran_inf_swordsmen	nanu_dynamic_ror_special_knight_enemy_all_contact_shocking_attacks_ammo_type_anti_large_lightning	False
ruene_emp_veteran_inf_swordsmen	nanu_dynamic_ror_special_knight_enemy_melee_ability_undaunted_immPsy	False
ruene_emp_veteran_inf_swordsmen	nanu_dynamic_ror_special_knight_enemy_melee_contact_sundering_attacks_bonus_vs_large	False
ruene_emp_veteran_inf_swordsmen	nanu_dynamic_ror_special_lizard_ally_melee_ability_aura_of_warding	False
ruene_emp_veteran_inf_swordsmen	nanu_dynamic_ror_special_lizard_ally_melee_ability_frenzy_immPsy	False
ruene_emp_veteran_inf_swordsmen	nanu_dynamic_ror_special_lizard_enemy_all_ability_aura_of_shielding	False
ruene_emp_veteran_inf_swordsmen	nanu_dynamic_ror_special_lizard_enemy_melee_ability_frenzy_immPsy	False
ruene_emp_veteran_inf_swordsmen	nanu_dynamic_ror_special_lizard_enemy_melee_ability_grim_resolve_immPsy	False
ruene_emp_veteran_inf_swordsmen	nanu_dynamic_ror_special_lizard_enemy_melee_ability_relentless_assault	False
ruene_emp_veteran_inf_swordsmen	nanu_dynamic_ror_special_lizard_enemy_melee_ability_stand_your_ground	False
ruene_emp_veteran_inf_swordsmen	nanu_dynamic_ror_special_lizard_enemy_melee_ability_undaunted_immPsy	False
ruene_emp_veteran_inf_swordsmen	nanu_dynamic_ror_special_spellcaster_enemy_all_ability_ensorcelled_weapons_arcane_fire_attacks_ammo_type_arcane_fire	False
ruene_emp_veteran_inf_swordsmen	nanu_dynamic_ror_special_spellcaster_enemy_all_ability_ensorcelled_weapons_magic_attacks_ammo_type_magic	False
ruene_emp_veteran_inf_swordsmen	nanu_dynamic_ror_special_spellcaster_enemy_all_ability_ensorcelled_weapons_piercing_magic_attacks_ammo_type_magic	False
ruene_emp_veteran_inf_swordsmen	nanu_dynamic_ror_special_spellcaster_enemy_all_contact_dampening_magic_attacks_ammo_type_magic	False
ruene_emp_veteran_inf_swordsmen	nanu_dynamic_ror_special_spellcaster_enemy_all_contact_disrupted_magic_attacks_ammo_type_magic	False
ruene_emp_veteran_inf_swordsmen	nanu_dynamic_ror_special_spellcaster_enemy_all_contact_sundering_magic_attacks_ammo_type_magic	False
ruene_emp_veteran_inf_swordsmen	nanu_dynamic_ror_special_spellcaster_enemy_all_magic_attacks_ammo_type_magic	False
ruene_emp_veteran_inf_swordsmen	nanu_dynamic_ror_special_monstrous_enemy_melee_ability_courage_in_death_bonus_vs_large	False
ruene_emp_veteran_inf_swordsmen	nanu_dynamic_ror_special_monstrous_enemy_melee_ability_grim_resolve_immPsy_bonus_vs_large	False
ruene_emp_veteran_inf_swordsmen	nanu_dynamic_ror_special_monstrous_enemy_melee_ability_undaunted_immPsy_bonus_vs_large	False
ruene_emp_veteran_inf_swordsmen	nanu_dynamic_ror_special_norsca_ally_melee_ability_berserk_bonus_vs_infantry	False
ruene_emp_veteran_inf_swordsmen	nanu_dynamic_ror_special_norsca_ally_melee_ability_bloodthirst	False
ruene_emp_veteran_inf_swordsmen	nanu_dynamic_ror_special_norsca_ally_melee_ability_frenzy_immPsy	False
ruene_emp_veteran_inf_swordsmen	nanu_dynamic_ror_special_norsca_ally_melee_ability_rage	False
ruene_emp_veteran_inf_swordsmen	nanu_dynamic_ror_special_norsca_enemy_melee_ability_grim_resolve_immPsy	False
ruene_emp_veteran_inf_swordsmen	nanu_dynamic_ror_special_norsca_enemy_melee_ability_hold_the_line	False
ruene_emp_veteran_inf_swordsmen	nanu_dynamic_ror_special_norsca_enemy_melee_ability_stand_your_ground	False
ruene_emp_veteran_inf_swordsmen	nanu_dynamic_ror_special_norsca_enemy_melee_ability_undaunted_immPsy	False
ruene_emp_veteran_inf_swordsmen	nanu_dynamic_ror_special_norsca_enemy_melee_ability_valiant_war_cry	False
ruene_emp_veteran_inf_swordsmen	nanu_dynamic_ror_special_nurgle_ally_all_attribute_perfect_vigour	False
ruene_emp_veteran_inf_swordsmen	nanu_dynamic_ror_special_nurgle_ally_all_contact_poison_attacks_ammo_type_poison	False
ruene_emp_veteran_inf_swordsmen	nanu_dynamic_ror_special_nurgle_ally_all_contact_potent_poison_attacks_ammo_type_poison	False
ruene_emp_veteran_inf_swordsmen	nanu_dynamic_ror_special_nurgle_ally_melee_ability_living_armour	False
ruene_emp_veteran_inf_swordsmen	nanu_dynamic_ror_special_nurgle_ally_melee_ability_regeneration	False
ruene_emp_veteran_inf_swordsmen	nanu_dynamic_ror_special_nurgle_enemy_all_arcane_fire_attacks_ammo_type_arcane_fire	False
ruene_emp_veteran_inf_swordsmen	nanu_dynamic_ror_special_nurgle_enemy_all_contact_dark_blood_attacks	False
ruene_emp_veteran_inf_swordsmen	nanu_dynamic_ror_special_nurgle_enemy_melee_ability_aura_of_protection	False
ruene_emp_veteran_inf_swordsmen	nanu_dynamic_ror_special_nurgle_enemy_melee_ability_aura_of_purity	False
ruene_emp_veteran_inf_swordsmen	nanu_dynamic_ror_special_nurgle_enemy_melee_ability_beacon_of_hope	False
ruene_emp_veteran_inf_swordsmen	nanu_dynamic_ror_special_nurgle_enemy_melee_ability_courage_in_death	False
ruene_emp_veteran_inf_swordsmen	nanu_dynamic_ror_special_nurgle_enemy_melee_ability_frenzy_immPsy	False
ruene_emp_veteran_inf_swordsmen	nanu_dynamic_ror_special_nurgle_enemy_melee_ability_grim_resolve_immPsy	False
ruene_emp_veteran_inf_swordsmen	nanu_dynamic_ror_special_nurgle_enemy_melee_ability_hold_the_line	False
ruene_emp_veteran_inf_swordsmen	nanu_dynamic_ror_special_nurgle_enemy_melee_ability_stand_your_ground	False
ruene_emp_veteran_inf_swordsmen	nanu_dynamic_ror_special_nurgle_enemy_melee_ability_undaunted_immPsy	False
ruene_emp_veteran_inf_swordsmen	nanu_dynamic_ror_special_nurgle_enemy_melee_ability_valiant_war_cry	False
ruene_emp_veteran_inf_swordsmen	nanu_dynamic_ror_special_nurgle_enemy_melee_attribute_encourage	False
ruene_emp_veteran_inf_swordsmen	nanu_dynamic_ror_special_nurgle_enemy_melee_attribute_immPsy_unbreakable_vs_nurgle	False
ruene_emp_veteran_inf_swordsmen	nanu_dynamic_ror_special_ogre_ally_melee_ability_bloodthirst	False
ruene_emp_veteran_inf_swordsmen	nanu_dynamic_ror_special_ogre_enemy_melee_ability_courage_in_death	False
ruene_emp_veteran_inf_swordsmen	nanu_dynamic_ror_special_ogre_enemy_melee_ability_stand_your_ground	False
ruene_emp_veteran_inf_swordsmen	nanu_dynamic_ror_special_ogre_enemy_melee_ability_undaunted_immPsy	False
ruene_emp_veteran_inf_swordsmen	nanu_dynamic_ror_special_plague_enemy_all_ability_aura_of_purity_arcane_fire_attacks_ammo_type_arcane_fire	False
ruene_emp_veteran_inf_swordsmen	nanu_dynamic_ror_special_plague_enemy_all_ability_aura_of_warding_arcane_fire_attacks_ammo_type_arcane_fire	False
ruene_emp_veteran_inf_swordsmen	nanu_dynamic_ror_special_plague_enemy_all_ability_ever_burning_light_contact_blinding_arcane_fire_attacks_ammo_type_arcane_fire	False
ruene_emp_veteran_inf_swordsmen	nanu_dynamic_ror_special_plague_enemy_all_contact_blinding_arcane_fire_attacks_ammo_type_arcane_fire	False
ruene_emp_veteran_inf_swordsmen	nanu_dynamic_ror_special_plague_enemy_all_contact_burning_arcane_fire_attacks_ammo_type_arcane_fire	False
ruene_emp_veteran_inf_swordsmen	nanu_dynamic_ror_special_plague_enemy_all_contact_scorching_arcane_fire_attacks_ammo_type_arcane_fire	False
ruene_emp_veteran_inf_swordsmen	nanu_dynamic_ror_special_plague_enemy_melee_ability_beacon_of_hope_arcane_fire_attacks_ammo_type_arcane_fire	False
ruene_emp_veteran_inf_swordsmen	nanu_dynamic_ror_special_plague_enemy_melee_ability_blinding_radiance_contact_arcane_fire_attacks_ammo_type_arcane_fire	False
ruene_emp_veteran_inf_swordsmen	nanu_dynamic_ror_special_skaven_enemy_all_ability_aura_of_shielding	False
ruene_emp_veteran_inf_swordsmen	nanu_dynamic_ror_special_skaven_enemy_all_contact_burning_flaming_attacks_ammo_type_flaming	False
ruene_emp_veteran_inf_swordsmen	nanu_dynamic_ror_special_skaven_enemy_melee_ability_aura_of_protection	False
ruene_emp_veteran_inf_swordsmen	nanu_dynamic_ror_special_skaven_enemy_melee_ability_aura_of_purity_attribute_immPsy	False
ruene_emp_veteran_inf_swordsmen	nanu_dynamic_ror_special_skaven_enemy_melee_ability_aura_of_warding	False
ruene_emp_veteran_inf_swordsmen	nanu_dynamic_ror_special_skaven_enemy_melee_ability_bathed_in_blood_bonus_vs_infantry_attribute_causes_fear	False
ruene_emp_veteran_inf_swordsmen	nanu_dynamic_ror_special_skaven_enemy_melee_ability_courage_in_death_attribute_immPsy	False
ruene_emp_veteran_inf_swordsmen	nanu_dynamic_ror_special_skaven_enemy_melee_ability_crush_the_weak	False
ruene_emp_veteran_inf_swordsmen	nanu_dynamic_ror_special_skaven_enemy_melee_ability_frenzied_charge	False
ruene_emp_veteran_inf_swordsmen	nanu_dynamic_ror_special_skaven_enemy_melee_ability_frenzy_immPsy	False
ruene_emp_veteran_inf_swordsmen	nanu_dynamic_ror_special_skaven_enemy_melee_ability_heroic_charge_attribute_immPsy	False
ruene_emp_veteran_inf_swordsmen	nanu_dynamic_ror_special_skaven_enemy_melee_ability_hold_the_line_attribute_immPsy	False
ruene_emp_veteran_inf_swordsmen	nanu_dynamic_ror_special_skaven_enemy_melee_ability_holy_aura_attribute_immune_to_contact	False
ruene_emp_veteran_inf_swordsmen	nanu_dynamic_ror_special_skaven_enemy_melee_ability_relentless_assault_bonus_vs_infantry_attribute_causes_fear	False
ruene_emp_veteran_inf_swordsmen	nanu_dynamic_ror_special_skaven_enemy_melee_ability_run_them_down_bonus_vs_infantry_attribute_causes_fear	False
ruene_emp_veteran_inf_swordsmen	nanu_dynamic_ror_special_skaven_enemy_melee_ability_stand_your_ground	False
ruene_emp_veteran_inf_swordsmen	nanu_dynamic_ror_special_skaven_enemy_melee_ability_valiant_war_cry_attribute_immPsy	False
ruene_emp_veteran_inf_swordsmen	nanu_dynamic_ror_special_slaanesh_ally_melee_ability_locus_of_grace	False
ruene_emp_veteran_inf_swordsmen	nanu_dynamic_ror_special_slaanesh_ally_melee_ability_pendant_of_slaanesh	False
ruene_emp_veteran_inf_swordsmen	nanu_dynamic_ror_special_slaanesh_ally_melee_ability_rapier_of_ecstacy	False
ruene_emp_veteran_inf_swordsmen	nanu_dynamic_ror_special_slaanesh_ally_melee_ability_torment_blade	False
ruene_emp_veteran_inf_swordsmen	nanu_dynamic_ror_special_slaanesh_ally_melee_attribute_devastating_flanker_vanguard	False
ruene_emp_veteran_inf_swordsmen	nanu_dynamic_ror_special_slaanesh_enemy_all_attribute_immPsy_vanguard	False
ruene_emp_veteran_inf_swordsmen	nanu_dynamic_ror_special_slaanesh_enemy_melee_ability_beacon_of_hope_attribute_immPsy	False
ruene_emp_veteran_inf_swordsmen	nanu_dynamic_ror_special_slaanesh_enemy_melee_ability_courage_in_death_attribute_immPsy	False
ruene_emp_veteran_inf_swordsmen	nanu_dynamic_ror_special_slaanesh_enemy_melee_ability_frenzy_immPsy	False
ruene_emp_veteran_inf_swordsmen	nanu_dynamic_ror_special_slaanesh_enemy_melee_ability_grim_resolve_immPsy	False
ruene_emp_veteran_inf_swordsmen	nanu_dynamic_ror_special_slaanesh_enemy_melee_ability_guardian_attribute_immPsy	False
ruene_emp_veteran_inf_swordsmen	nanu_dynamic_ror_special_slaanesh_enemy_melee_ability_hold_the_line_attribute_immPsy	False
ruene_emp_veteran_inf_swordsmen	nanu_dynamic_ror_special_slaanesh_enemy_melee_ability_stand_your_ground_attribute_immPsy	False
ruene_emp_veteran_inf_swordsmen	nanu_dynamic_ror_special_slaanesh_enemy_melee_ability_undaunted_immPsy	False
ruene_emp_veteran_inf_swordsmen	nanu_dynamic_ror_special_slaanesh_enemy_melee_ability_valiant_war_cry	False
ruene_emp_veteran_inf_swordsmen	nanu_dynamic_ror_special_slaanesh_enemy_melee_attribute_immPsy	False
ruene_emp_veteran_inf_swordsmen	nanu_dynamic_ror_special_slaanesh_enemy_melee_attribute_immPsy_encourage	False
ruene_emp_veteran_inf_swordsmen	nanu_dynamic_ror_special_tomb_kings_enemy_all_ability_wake_of_fire_contact_flaming_attacks_scorching	False
ruene_emp_veteran_inf_swordsmen	nanu_dynamic_ror_special_tomb_kings_enemy_melee_ability_ever_burning_light_contact_blinding	False
ruene_emp_veteran_inf_swordsmen	nanu_dynamic_ror_special_tomb_kings_enemy_melee_ability_frenzy_immPsy_flaming_attacks_ammo_type_flaming	False
ruene_emp_veteran_inf_swordsmen	nanu_dynamic_ror_special_tomb_kings_enemy_melee_ability_holy_aura_contact_scorching_flaming_attacks	False
ruene_emp_veteran_inf_swordsmen	nanu_dynamic_ror_special_tomb_kings_enemy_melee_attribute_immPsy_vanguard_bonus_vs_infantry	False
ruene_emp_veteran_inf_swordsmen	nanu_dynamic_ror_special_tzeentch_ally_all_ability_barrier_boost	False
ruene_emp_veteran_inf_swordsmen	nanu_dynamic_ror_special_tzeentch_enemy_all_ability_aura_of_shielding	False
ruene_emp_veteran_inf_swordsmen	nanu_dynamic_ror_special_tzeentch_enemy_all_ability_aura_of_warding	False
ruene_emp_veteran_inf_swordsmen	nanu_dynamic_ror_special_tzeentch_enemy_all_contact_armour_destruction_magic_attacks_ammo_type_magic	False
ruene_emp_veteran_inf_swordsmen	nanu_dynamic_ror_special_tzeentch_enemy_all_contact_dampening_magic_attacks_ammo_type_magic	False
ruene_emp_veteran_inf_swordsmen	nanu_dynamic_ror_special_tzeentch_enemy_all_contact_electrifying_magic_attacks_ammo_type_lightning	False
ruene_emp_veteran_inf_swordsmen	nanu_dynamic_ror_special_tzeentch_enemy_all_contact_shocking_magic_attacks_ammo_type_lightning	False
ruene_emp_veteran_inf_swordsmen	nanu_dynamic_ror_special_undead_enemy_all_contact_burning_arcane_fire_attacks_ammo_type_arcane_fire	False
ruene_emp_veteran_inf_swordsmen	nanu_dynamic_ror_special_undead_enemy_all_contact_burning_flaming_attacks_ammo_type_flaming	False
ruene_emp_veteran_inf_swordsmen	nanu_dynamic_ror_special_undead_enemy_all_contact_scorching_flaming_attacks_ammo_type_flaming	False
ruene_emp_veteran_inf_swordsmen	nanu_dynamic_ror_special_undead_enemy_all_flaming_attacks_ammo_type_flaming	False
ruene_emp_veteran_inf_swordsmen	nanu_dynamic_ror_special_undead_enemy_melee_ability_aura_of_blood	False
ruene_emp_veteran_inf_swordsmen	nanu_dynamic_ror_special_undead_enemy_melee_ability_beacon_of_hope_attribute_immPsy_encourage	False
ruene_emp_veteran_inf_swordsmen	nanu_dynamic_ror_special_undead_enemy_melee_ability_courage_in_death_attribute_immPsy	False
ruene_emp_veteran_inf_swordsmen	nanu_dynamic_ror_special_undead_enemy_melee_ability_flame_incarnate_arcane_fire_attacks_ammo_type_arcane_fire	False
ruene_emp_veteran_inf_swordsmen	nanu_dynamic_ror_special_undead_enemy_melee_ability_frenzy_immPsy_contact_burning_flaming_attacks_ammo_type_flaming	False
ruene_emp_veteran_inf_swordsmen	nanu_dynamic_ror_special_undead_enemy_melee_ability_hold_the_line_attribute_immPsy_encourage	False
ruene_emp_veteran_inf_swordsmen	nanu_dynamic_ror_special_undead_enemy_melee_ability_stand_your_ground_attribute_immPsy_encourage	False
ruene_emp_veteran_inf_swordsmen	nanu_dynamic_ror_special_undead_enemy_melee_ability_undaunted_immPsy_encourage	False
ruene_emp_veteran_inf_swordsmen	nanu_dynamic_ror_special_undead_enemy_melee_ability_valiant_war_cry_attribute_immPsy_encourage	False
ruene_emp_veteran_inf_swordsmen	nanu_dynamic_ror_special_undead_enemy_melee_attribute_unbreakable	False
ruene_emp_veteran_inf_swordsmen	nanu_dynamic_ror_special_vampire_coast_enemy_all_ability_aura_of_shielding	False
ruene_emp_veteran_inf_swordsmen	nanu_dynamic_ror_special_vampire_coast_enemy_melee_ability_grim_resolve_immPsy	False
ruene_emp_veteran_inf_swordsmen	nanu_dynamic_ror_special_vampire_coast_enemy_melee_ability_heroic_charge	False
ruene_emp_veteran_inf_swordsmen	nanu_dynamic_ror_special_vampire_coast_enemy_melee_ability_relentless_assault	False
ruene_emp_veteran_inf_swordsmen	nanu_dynamic_ror_special_vampire_counts_ally_melee_ability_crowfeast	False
ruene_emp_veteran_inf_swordsmen	nanu_dynamic_ror_special_vampire_counts_enemy_all_contact_dark_blood_attacks	False
ruene_emp_veteran_inf_swordsmen	nanu_dynamic_ror_special_vampire_counts_enemy_melee_ability_courage_in_death	False
ruene_emp_veteran_inf_swordsmen	nanu_dynamic_ror_special_vampire_counts_enemy_melee_ability_grim_resolve_immPsy	False
ruene_emp_veteran_inf_swordsmen	nanu_dynamic_ror_special_vampire_counts_enemy_melee_ability_hold_the_line	False
ruene_emp_veteran_inf_swordsmen	nanu_dynamic_ror_special_vampire_counts_enemy_melee_ability_stand_your_ground	False
ruene_emp_veteran_inf_swordsmen	nanu_dynamic_ror_special_vampire_counts_enemy_melee_ability_undaunted_immPsy	False
ruene_emp_veteran_inf_swordsmen	nanu_dynamic_ror_special_vampire_counts_enemy_melee_ability_valiant_war_cry	False
ruene_emp_veteran_inf_swordsmen	nanu_dynamic_ror_special_wood_elf_enemy_all_ability_aura_of_shielding	False
ruene_emp_veteran_inf_swordsmen	nanu_dynamic_ror_special_wood_elf_enemy_all_ability_aura_of_warding	False
ruene_emp_veteran_inf_swordsmen	nanu_dynamic_ror_special_wood_elf_enemy_all_arcane_fire_attacks_ammo_type_arcane_fire	False
ruene_emp_veteran_inf_swordsmen	nanu_dynamic_ror_special_wood_elf_enemy_all_attribute_stalk_vanguard_woodsman	False
ruene_emp_veteran_inf_swordsmen	nanu_dynamic_ror_special_wood_elf_enemy_all_contact_burning_flaming_attacks_ammo_type_flaming	False
ruene_emp_veteran_inf_swordsmen	nanu_dynamic_ror_special_wood_elf_enemy_all_contact_scorching_flaming_attacks_ammo_type_flaming	False
ruene_emp_veteran_inf_swordsmen	nanu_dynamic_ror_special_wood_elf_enemy_all_flaming_attacks_ammo_type_flaming	False
ruene_emp_veteran_inf_swordsmen	nanu_dynamic_ror_special_wood_elf_enemy_melee_ability_frenzy_immPsy_contact_burning_flaming_attacks	False
ruene_emp_veteran_inf_swordsmen	nanu_dynamic_ror_special_wood_elf_enemy_melee_ability_rowdy_contact_burning_flaming_attacks	False
ruene_emp_veteran_inf_swordsmen	nanu_dynamic_ror_special_wood_elf_enemy_melee_ability_wake_of_fire_contact_burning_flaming_attacks	False
ruene_emp_veteran_inf_swordsmen	nanu_dynamic_ror_basic_melee_bonus_vs_infantry_1	False
ruene_emp_veteran_inf_swordsmen	nanu_dynamic_ror_basic_melee_bonus_vs_infantry_2	False
ruene_emp_veteran_inf_swordsmen	nanu_dynamic_ror_basic_melee_bonus_vs_infantry_3	False
